user_id,subscription_type,country,device,cohort,days_since_last_seen,churned
1,Basic,United States,Smartphone,2022-01,59,True
2,Premium,Canada,Tablet,2021-09,649,True
3,Standard,United Kingdom,Smart TV,2023-02,7,False
4,Standard,Australia,Laptop,2022-07,2,False
5,Basic,Germany,Smartphone,2023-05,6,False
6,Premium,France,Smart TV,2022-03,13,False
7,Standard,Brazil,Tablet,2021-12,497,True
8,Basic,Mexico,Laptop,2023-04,76,True
9,Standard,Spain,Smartphone,2022-10,178,True
10,Premium,Italy,Smart TV,2023-01,99,True
11,Basic,United States,Smartphone,2022-05,260,True
12,Premium,Canada,Tablet,2023-03,11,False
13,Standard,United Kingdom,Laptop,2021-11,502,True
14,Basic,Australia,Smartphone,2022-08,321,True
15,Standard,Germany,Smart TV,2023-05,5,False
16,Premium,France,Tablet,2022-04,4,False
17,Basic,Brazil,Laptop,2022-01,359,True
18,Standard,Mexico,Smartphone,2021-10,346,True
19,Premium,Spain,Smart TV,2023-02,13,False
20,Basic,Italy,Tablet,2023-05,6,False
21,Premium,United States,Laptop,2023-06,4,False
22,Basic,Canada,Smartphone,2022-07,283,True
23,Standard,United Kingdom,Smart TV,2021-12,290,True
24,Standard,Australia,Tablet,2022-04,168,True
25,Basic,Germany,Laptop,2023-03,12,False
26,Premium,France,Smartphone,2022-01,2,False
27,Basic,Brazil,Smart TV,2022-08,241,True
28,Standard,Mexico,Tablet,2021-09,363,True
29,Premium,Spain,Laptop,2022-12,132,True
30,Basic,Italy,Smartphone,2023-05,28,False
31,Premium,United States,Smart TV,2023-02,99,True
32,Basic,Canada,Tablet,2022-07,343,True
33,Standard,United Kingdom,Laptop,2022-01,257,True
34,Standard,Australia,Smartphone,2022-05,122,True
35,Basic,Germany,Smart TV,2023-04,3,False
36,Premium,France,Tablet,2022-03,201,True
37,Basic,Brazil,Laptop,2022-09,217,True
38,Standard,Mexico,Smartphone,2021-11,531,True
39,Premium,Spain,Smart TV,2022-12,3,False
40,Basic,Italy,Tablet,2023-03,1,False
41,Premium,United States,Laptop,2023-01,7,False
42,Basic,Canada,Smartphone,2022-06,5,False
43,Standard,United Kingdom,Smart TV,2022-02,26,False
44,Standard,Australia,Tablet,2022-04,149,True
45,Basic,Germany,Laptop,2023-01,9,False
46,Premium,France,Smartphone,2022-02,428,True
47,Basic,Brazil,Smart TV,2022-10,12,False
48,Standard,Mexico,Tablet,2021-09,372,True
49,Premium,Spain,Laptop,2022-11,4,False
50,Basic,Italy,Smartphone,2023-06,4,False
51,Premium,United States,Smart TV,2023-02,111,True
52,Basic,Canada,Tablet,2022-08,240,True
53,Standard,United Kingdom,Laptop,2022-01,250,True
54,Standard,Australia,Smartphone,2022-06,82,True
55,Basic,Germany,Smart TV,2023-04,2,False
56,Premium,France,Tablet,2022-03,5,False
57,Basic,Brazil,Laptop,2022-10,108,True
58,Standard,Mexico,Smartphone,2021-10,557,True
59,Premium,Spain,Smart TV,2022-12,196,True
60,Basic,Italy,Tablet,2023-06,2,False
61,Premium,United States,Laptop,2023-02,16,False
62,Basic,Canada,Smartphone,2022-08,258,True
63,Standard,United Kingdom,Smart TV,2022-02,4,False
64,Standard,Australia,Tablet,2022-06,1,False
65,Basic,Germany,Laptop,2023-03,3,False
66,Premium,France,Smartphone,2022-01,0,False
67,Basic,Brazil,Smart TV,2022-09,8,False
68,Standard,Mexico,Tablet,2021-11,449,True
69,Premium,Spain,Laptop,2022-12,3,False
70,Basic,Italy,Smartphone,2023-05,0,False
71,Basic,United States,Smartphone,2022-01,38,True
72,Basic,Canada,Smartphone,2022-10,8,False
73,Standard,United Kingdom,Laptop,2022-09,264,True
74,Premium,Australia,Smartphone,2022-12,125,True
75,Basic,Germany,Laptop,2022-05,19,False
76,Basic,France,Laptop,2021-12,481,True
77,Premium,Brazil,Smartphone,2022-12,173,True
78,Standard,Mexico,Tablet,2022-11,1,False
79,Standard,Spain,Laptop,2022-12,2,False
80,Basic,Italy,Tablet,2022-11,70,True
81,Premium,United States,Tablet,2023-01,97,True
82,Standard,Canada,Laptop,2022-12,134,True
83,Basic,United Kingdom,Smartphone,2022-10,240,True
84,Standard,Australia,Smartphone,2023-04,5,False
85,Premium,Germany,Laptop,2023-04,7,False
86,Basic,France,Smartphone,2022-03,2,False
87,Premium,Brazil,Smart TV,2021-12,267,True
88,Standard,Mexico,Tablet,2022-09,114,True
89,Basic,Spain,Smartphone,2022-10,88,True
90,Standard,Italy,Smartphone,2023-02,3,False
91,Premium,United States,Tablet,2022-10,0,False
92,Basic,Canada,Smart TV,2022-01,7,False
93,Standard,United Kingdom,Smartphone,2022-02,346,True
94,Premium,Australia,Smartphone,2022-03,184,True
95,Basic,Germany,Laptop,2022-02,14,False
96,Premium,France,Laptop,2022-07,175,True
97,Basic,Brazil,Tablet,2022-03,205,True
98,Standard,Mexico,Tablet,2022-03,329,True
99,Standard,Spain,Tablet,2023-01,3,False
100,Basic,Italy,Laptop,2023-01,3,False
101,Premium,United States,Tablet,2022-10,243,True
102,Basic,Canada,Tablet,2022-03,181,True
103,Standard,United Kingdom,Laptop,2022-04,448,True
104,Premium,Australia,Laptop,2022-06,13,False
105,Basic,Germany,Laptop,2022-03,198,True
106,Premium,France,Tablet,2022-03,454,True
107,Basic,Brazil,Smart TV,2022-03,3,False
108,Standard,Mexico,Smart TV,2022-05,238,True
109,Standard,Spain,Tablet,2023-02,7,False
110,Basic,Italy,Laptop,2023-01,8,False
111,Premium,United States,Tablet,2022-07,2,False
112,Basic,Canada,Laptop,2022-06,5,False
113,Standard,United Kingdom,Tablet,2022-05,417,True
114,Premium,Australia,Smartphone,2022-11,59,True
115,Basic,Germany,Laptop,2022-04,2,False
116,Premium,France,Smart TV,2022-05,246,True
117,Basic,Brazil,Tablet,2021-10,534,True
118,Standard,Mexico,Smartphone,2022-08,1,False
119,Standard,Spain,Smartphone,2022-09,7,False
120,Basic,Italy,Smart TV,2022-10,12,False
121,Premium,United States,Smart TV,2022-10,195,True
122,Basic,Canada,Smart TV,2022-05,142,True
123,Standard,United Kingdom,Smartphone,2022-05,121,True
124,Premium,Australia,Laptop,2022-11,225,True
125,Basic,Germany,Smartphone,2022-08,0,False
126,Premium,France,Laptop,2022-09,6,False
127,Basic,Brazil,Smartphone,2021-11,419,True
128,Standard,Mexico,Smartphone,2022-10,9,False
129,Standard,Spain,Smart TV,2022-11,0,False
130,Basic,Italy,Tablet,2023-01,6,False
131,Premium,United States,Laptop,2022-10,260,True
132,Basic,Canada,Smart TV,2022-06,13,False
133,Standard,United Kingdom,Smart TV,2022-06,358,True
134,Premium,Australia,Tablet,2022-11,182,True
135,Basic,Germany,Smart TV,2022-07,8,False
136,Premium,France,Smart TV,2022-09,217,True
137,Basic,Brazil,Laptop,2022-08,5,False
138,Standard,Mexico,Laptop,2022-09,14,False
139,Standard,Spain,Smartphone,2023-03,29,False
140,Basic,Italy,Smartphone,2022-05,142,True
141,Premium,United States,Smartphone,2022-05,259,True
142,Basic,Canada,Smart TV,2022-06,105,True
143,Standard,United Kingdom,Tablet,2022-08,4,False
144,Premium,Australia,Smart TV,2022-08,307,True
145,Basic,Germany,Laptop,2022-05,354,True
146,Basic,France,Tablet,2022-10,211,True
147,Basic,Brazil,Laptop,2022-11,166,True
148,Standard,Mexico,Smartphone,2022-11,140,True
149,Premium,Spain,Smart TV,2022-11,7,False
150,Basic,Italy,Laptop,2022-12,122,True
151,Basic,United States,Laptop,2022-12,136,True
152,Premium,Canada,Tablet,2022-11,59,True
153,Standard,United Kingdom,Smartphone,2022-12,24,False
154,Standard,Australia,Laptop,2023-03,99,True
155,Basic,Germany,Tablet,2022-11,154,True
156,Premium,France,Smartphone,2022-08,2,False
157,Standard,Brazil,Laptop,2022-09,204,True
158,Basic,Mexico,Smartphone,2022-10,1,False
159,Standard,Spain,Smart TV,2022-12,6,False
160,Premium,Italy,Smartphone,2022-10,86,True
161,Basic,United States,Tablet,2022-10,15,False
162,Premium,Canada,Laptop,2022-04,14,False
163,Standard,United Kingdom,Laptop,2022-04,168,True
164,Basic,Australia,Tablet,2022-03,312,True
165,Standard,Germany,Tablet,2022-05,8,False
166,Premium,France,Laptop,2022-04,277,True
167,Basic,Brazil,Smartphone,2022-04,3,False
168,Standard,Mexico,Tablet,2022-12,37,True
169,Premium,Spain,Tablet,2023-01,151,True
170,Basic,Italy,Laptop,2023-01,10,False
171,Premium,United States,Tablet,2022-04,266,True
172,Basic,Canada,Smartphone,2022-04,371,True
173,Standard,United Kingdom,Smartphone,2022-06,1,False
174,Standard,Australia,Tablet,2022-04,421,True
175,Basic,Germany,Laptop,2022-04,180,True
176,Premium,France,Smart TV,2022-04,159,True
177,Basic,Brazil,Smartphone,2022-05,355,True
178,Standard,Mexico,Laptop,2022-10,188,True
179,Premium,Spain,Tablet,2022-12,15,False
180,Basic,Italy,Laptop,2022-09,118,True
181,Premium,United States,Smartphone,2022-06,1,False
182,Basic,Canada,Laptop,2022-05,4,False
183,Standard,United Kingdom,Tablet,2022-05,392,True
184,Standard,Australia,Laptop,2022-04,360,True
185,Basic,Germany,Tablet,2022-05,2,False
186,Premium,France,Smart TV,2022-03,413,True
187,Basic,Brazil,Laptop,2022-07,5,False
188,Standard,Mexico,Smart TV,2022-07,1,False
189,Premium,Spain,Smart TV,2022-09,142,True
190,Basic,Italy,Tablet,2022-09,279,True
191,Premium,United States,Laptop,2022-07,200,True
192,Basic,Canada,Smartphone,2022-06,2,False
193,Standard,United Kingdom,Laptop,2022-08,174,True
194,Standard,Australia,Laptop,2022-08,1,False
195,Basic,Germany,Smartphone,2022-08,239,True
196,Premium,France,Smart TV,2022-06,229,True
197,Basic,Brazil,Tablet,2022-09,117,True
198,Standard,Mexico,Laptop,2022-10,13,False
199,Premium,Spain,Tablet,2022-10,9,False
200,Basic,Italy,Tablet,2022-10,2,False
201,Premium,United States,Smart TV,2022-07,201,True
202,Basic,Canada,Tablet,2022-06,5,False
203,Standard,United Kingdom,Smart TV,2022-07,0,False
204,Standard,Australia,Smartphone,2022-07,183,True
205,Basic,Germany,Smart TV,2022-07,261,True
206,Premium,France,Smartphone,2022-08,1,False
207,Basic,Brazil,Smartphone,2022-09,2,False
208,Standard,Mexico,Tablet,2023-01,164,True
209,Premium,Spain,Laptop,2022-12,9,False
210,Basic,Italy,Laptop,2022-11,56,True
211,Premium,United States,Tablet,2022-11,2,False
212,Basic,Canada,Smart TV,2022-10,7,False
213,Standard,United Kingdom,Smart TV,2022-09,134,True
214,Standard,Australia,Laptop,2022-06,352,True
215,Basic,Germany,Smartphone,2022-09,233,True
216,Premium,France,Smart TV,2022-10,192,True
217,Basic,Brazil,Smart TV,2022-11,69,True
218,Standard,Mexico,Tablet,2022-11,215,True
219,Premium,Spain,Smartphone,2022-11,160,True
220,Basic,Italy,Tablet,2022-11,22,False
221,Basic,United States,Smartphone,2022-11,1,False
222,Basic,Canada,Smartphone,2022-12,127,True
223,Standard,United Kingdom,Smartphone,2023-01,16,False
224,Premium,Australia,Smartphone,2022-11,24,False
225,Basic,Germany,Smartphone,2022-10,14,False
226,Basic,France,Smartphone,2022-09,23,False
227,Premium,Brazil,Smartphone,2022-09,264,True
228,Standard,Mexico,Smart TV,2022-11,7,False
229,Standard,Spain,Smartphone,2022-11,1,False
230,Basic,Italy,Laptop,2022-10,3,False
231,Premium,United States,Smartphone,2022-10,88,True
232,Standard,Canada,Smartphone,2022-08,19,False
233,Basic,United Kingdom,Smart TV,2022-07,344,True
234,Standard,Australia,Laptop,2022-05,6,False
235,Premium,Germany,Laptop,2022-05,267,True
236,Basic,France,Smartphone,2022-05,15,False
237,Premium,Brazil,Tablet,2022-07,5,False
238,Standard,Mexico,Smartphone,2022-07,20,False
239,Basic,Spain,Smart TV,2022-12,15,False
240,Standard,Italy,Smartphone,2022-06,87,True
241,Premium,United States,Laptop,2022-05,0,False
242,Basic,Canada,Laptop,2022-06,237,True
243,Standard,United Kingdom,Laptop,2022-05,10,False
244,Premium,Australia,Smartphone,2022-04,44,True
245,Basic,Germany,Smart TV,2022-04,6,False
246,Premium,France,Smartphone,2022-05,139,True
247,Basic,Brazil,Smart TV,2022-07,7,False
248,Standard,Mexico,Smartphone,2022-09,29,False
249,Standard,Spain,Smartphone,2022-09,214,True
250,Basic,Italy,Laptop,2022-08,52,True
251,Premium,United States,Laptop,2022-06,87,True
252,Basic,Canada,Smartphone,2022-05,232,True
253,Standard,United Kingdom,Tablet,2022-05,392,True
254,Premium,Australia,Smart TV,2022-05,259,True
255,Basic,Germany,Smart TV,2022-05,3,False
256,Premium,France,Tablet,2022-05,2,False
257,Basic,Brazil,Laptop,2022-06,93,True
258,Standard,Mexico,Smartphone,2022-07,184,True
259,Standard,Spain,Smartphone,2022-08,259,True
260,Basic,Italy,Smartphone,2022-07,0,False
261,Premium,United States,Smart TV,2022-07,202,True
262,Basic,Canada,Tablet,2022-07,10,False
263,Standard,United Kingdom,Smartphone,2022-07,43,True
264,Premium,Australia,Smartphone,2022-08,6,False
265,Basic,Germany,Smart TV,2022-08,264,True
266,Premium,France,Tablet,2022-08,4,False
267,Basic,Brazil,Laptop,2022-09,281,True
268,Standard,Mexico,Smart TV,2022-10,12,False
269,Standard,Spain,Laptop,2022-10,93,True
270,Basic,Italy,Smart TV,2022-09,288,True
271,Premium,United States,Laptop,2022-08,15,False
272,Basic,Canada,Smartphone,2022-08,9,False
273,Standard,United Kingdom,Laptop,2022-08,1,False
274,Premium,Australia,Tablet,2022-08,260,True
275,Basic,Germany,Laptop,2022-08,165,True
276,Premium,France,Smart TV,2022-08,3,False
277,Basic,Brazil,Tablet,2022-09,1,False
278,Standard,Mexico,Laptop,2022-09,0,False
279,Standard,Spain,Laptop,2022-11,216,True
280,Basic,Italy,Laptop,2022-11,6,False
281,Premium,United States,Smart TV,2022-11,165,True
282,Basic,Canada,Smart TV,2022-10,188,True
283,Standard,United Kingdom,Smartphone,2022-06,296,True
284,Premium,Australia,Smartphone,2022-08,46,True
285,Basic,Germany,Laptop,2022-09,233,True
286,Premium,France,Laptop,2022-10,12,False
287,Basic,Brazil,Smartphone,2022-10,103,True
288,Standard,Mexico,Smart TV,2022-10,238,True
289,Standard,Spain,Smart TV,2022-11,150,True
290,Basic,Italy,Smartphone,2022-11,0,False
291,Premium,United States,Tablet,2022-12,140,True
292,Basic,Canada,Laptop,2022-12,12,False
293,Standard,United Kingdom,Laptop,2022-12,3,False
294,Premium,Australia,Laptop,2022-10,5,False
295,Basic,Germany,Laptop,2022-10,3,False
296,Basic,France,Tablet,2022-10,0,False
297,Basic,Brazil,Smartphone,2022-11,171,True
298,Standard,Mexico,Tablet,2022-11,8,False
299,Premium,Spain,Smartphone,2022-10,1,False
300,Basic,Italy,Laptop,2022-10,82,True
301,Basic,United States,Laptop,2022-09,112,True
302,Premium,Canada,Tablet,2022-09,0,False
303,Standard,United Kingdom,Tablet,2022-06,225,True
304,Standard,Australia,Smartphone,2022-06,103,True
305,Basic,Germany,Smart TV,2022-05,126,True
306,Premium,France,Tablet,2022-07,1,False
307,Standard,Brazil,Smart TV,2022-07,342,True
308,Basic,Mexico,Smart TV,2022-10,171,True
309,Standard,Spain,Smartphone,2022-08,162,True
310,Premium,Italy,Smartphone,2022-06,217,True
311,Basic,United States,Smartphone,2022-06,375,True
312,Premium,Canada,Laptop,2022-05,247,True
313,Standard,United Kingdom,Laptop,2022-05,13,False
314,Basic,Australia,Laptop,2022-04,273,True
315,Standard,Germany,Smart TV,2022-04,0,False
316,Premium,France,Laptop,2022-05,119,True
317,Basic,Brazil,Tablet,2022-08,145,True
318,Standard,Mexico,Laptop,2022-09,12,False
319,Premium,Spain,Smartphone,2022-08,297,True
320,Basic,Italy,Laptop,2022-08,7,False
321,Premium,United States,Smartphone,2022-06,314,True
322,Basic,Canada,Smartphone,2022-06,125,True
323,Standard,United Kingdom,Smartphone,2022-05,382,True
324,Standard,Australia,Tablet,2022-05,336,True
325,Basic,Germany,Tablet,2022-05,16,False
326,Premium,France,Smartphone,2022-06,0,False
327,Basic,Brazil,Smartphone,2022-07,3,False
328,Standard,Mexico,Tablet,2022-07,326,True
329,Premium,Spain,Smart TV,2022-07,84,True
330,Basic,Italy,Smart TV,2022-07,76,True
331,Premium,United States,Tablet,2022-07,349,True
332,Basic,Canada,Tablet,2022-07,194,True
333,Standard,United Kingdom,Smart TV,2022-07,4,False
334,Standard,Australia,Smart TV,2022-07,266,True
335,Basic,Germany,Tablet,2022-08,248,True
336,Premium,France,Laptop,2022-09,140,True
337,Basic,Brazil,Laptop,2022-10,1,False
338,Standard,Mexico,Tablet,2022-10,4,False
339,Premium,Spain,Laptop,2022-10,5,False
340,Basic,Italy,Smartphone,2022-09,215,True
341,Premium,United States,Laptop,2022-08,7,False
342,Basic,Canada,Laptop,2022-08,254,True
343,Standard,United Kingdom,Smart TV,2022-08,50,True
344,Standard,Australia,Smartphone,2022-08,3,False
345,Basic,Germany,Smart TV,2022-08,50,True
346,Premium,France,Tablet,2022-08,38,True
347,Basic,Brazil,Smartphone,2022-09,3,False
348,Standard,Mexico,Smart TV,2022-10,20,False
349,Premium,Spain,Smartphone,2022-11,197,True
350,Basic,Italy,Smartphone,2022-11,2,False
351,Premium,United States,Smart TV,2022-11,7,False
352,Basic,Canada,Laptop,2022-09,211,True
353,Standard,United Kingdom,Smartphone,2022-08,49,True
354,Standard,Australia,Laptop,2022-08,9,False
355,Basic,Germany,Tablet,2022-10,107,True
356,Premium,France,Smart TV,2022-10,102,True
357,Basic,Brazil,Smartphone,2022-10,241,True
358,Standard,Mexico,Smart TV,2022-11,156,True
359,Premium,Spain,Smartphone,2022-11,4,False
360,Basic,Italy,Tablet,2022-11,0,False
361,Premium,United States,Laptop,2022-11,5,False
362,Basic,Canada,Laptop,2022-12,44,True
363,Standard,United Kingdom,Smart TV,2022-11,90,True
364,Standard,Australia,Smart TV,2022-10,262,True
365,Basic,Germany,Laptop,2022-10,10,False
366,Premium,France,Smart TV,2022-10,247,True
367,Basic,Brazil,Laptop,2022-10,185,True
368,Standard,Mexico,Smartphone,2022-10,10,False
369,Premium,Spain,Smartphone,2022-10,9,False
370,Basic,Italy,Smartphone,2022-10,23,False
371,Basic,United States,Tablet,2022-09,258,True
372,Basic,Canada,Tablet,2022-09,137,True
373,Standard,United Kingdom,Tablet,2022-06,10,False
374,Premium,Australia,Laptop,2022-06,219,True
375,Basic,Germany,Laptop,2022-06,214,True
376,Basic,France,Smartphone,2022-06,303,True
377,Premium,Brazil,Laptop,2022-08,10,False
378,Standard,Mexico,Laptop,2022-08,9,False
379,Standard,Spain,Smart TV,2022-08,3,False
380,Basic,Italy,Smart TV,2022-08,3,False
381,Premium,United States,Laptop,2022-07,291,True
382,Standard,Canada,Smart TV,2022-06,3,False
383,Basic,United Kingdom,Smart TV,2022-06,335,True
384,Standard,Australia,Smartphone,2022-05,1,False
385,Premium,Germany,Smartphone,2022-05,129,True
386,Basic,France,Tablet,2022-07,70,True
387,Premium,Brazil,Tablet,2022-07,65,True
388,Standard,Mexico,Laptop,2022-07,2,False
389,Basic,Spain,Smart TV,2022-08,2,False
390,Standard,Italy,Laptop,2022-07,10,False
391,Premium,United States,Laptop,2022-06,362,True
392,Basic,Canada,Smart TV,2022-06,329,True
393,Standard,United Kingdom,Tablet,2022-06,1,False
394,Premium,Australia,Tablet,2022-05,0,False
395,Basic,Germany,Laptop,2022-06,34,True
396,Premium,France,Smartphone,2022-06,13,False
397,Basic,Brazil,Smartphone,2022-07,339,True
398,Standard,Mexico,Tablet,2022-07,7,False
399,Standard,Spain,Smartphone,2022-07,337,True
400,Basic,Italy,Laptop,2022-07,16,False
401,Premium,United States,Laptop,2022-07,68,True
402,Basic,Canada,Smartphone,2022-07,3,False
403,Standard,United Kingdom,Smartphone,2022-07,12,False
404,Premium,Australia,Smartphone,2022-08,169,True
405,Basic,Germany,Tablet,2022-08,3,False
406,Premium,France,Smartphone,2022-08,3,False
407,Basic,Brazil,Tablet,2022-08,294,True
408,Standard,Mexico,Tablet,2022-09,3,False
409,Standard,Spain,Smartphone,2022-09,125,True
410,Basic,Italy,Smart TV,2022-09,16,False
411,Premium,United States,Tablet,2022-09,1,False
412,Basic,Canada,Laptop,2022-09,145,True
413,Standard,United Kingdom,Smartphone,2022-08,31,True
414,Premium,Australia,Laptop,2022-08,5,False
415,Basic,Germany,Smartphone,2022-08,247,True
416,Premium,France,Tablet,2022-09,148,True
417,Basic,Brazil,Smart TV,2022-09,5,False
418,Standard,Mexico,Smart TV,2022-10,239,True
419,Standard,Spain,Laptop,2022-10,5,False
420,Basic,Italy,Laptop,2022-11,79,True
421,Premium,United States,Tablet,2022-10,183,True
422,Basic,Canada,Tablet,2022-09,123,True
423,Standard,United Kingdom,Smartphone,2022-09,220,True
424,Premium,Australia,Tablet,2022-09,125,True
425,Basic,Germany,Tablet,2022-10,9,False
426,Premium,France,Laptop,2022-10,193,True
427,Basic,Brazil,Smart TV,2022-11,1,False
428,Standard,Mexico,Smartphone,2022-11,5,False
429,Standard,Spain,Laptop,2022-11,154,True
430,Basic,Italy,Smart TV,2022-11,3,False
431,Premium,United States,Smart TV,2022-12,6,False
432,Basic,Canada,Smart TV,2022-11,69,True
433,Standard,United Kingdom,Smartphone,2022-11,165,True
434,Premium,Australia,Laptop,2022-10,9,False
435,Basic,Germany,Smart TV,2022-10,99,True
436,Premium,France,Smartphone,2022-10,0,False
437,Basic,Brazil,Smart TV,2022-10,178,True
438,Standard,Mexico,Smart TV,2022-10,12,False
439,Standard,Spain,Smart TV,2022-10,102,True
440,Basic,Italy,Tablet,2022-10,17,False
441,Premium,United States,Laptop,2022-10,115,True
442,Basic,Canada,Laptop,2022-07,90,True
443,Standard,United Kingdom,Smart TV,2022-07,200,True
444,Premium,Australia,Smartphone,2022-06,357,True
445,Basic,Germany,Tablet,2022-06,304,True
446,Basic,France,Smartphone,2022-06,355,True
447,Basic,Brazil,Laptop,2022-08,47,True
448,Standard,Mexico,Tablet,2022-08,309,True
449,Premium,Spain,Laptop,2022-08,2,False
450,Basic,Italy,Laptop,2022-08,5,False
451,Basic,United States,Laptop,2022-07,272,True
452,Premium,Canada,Laptop,2022-06,312,True
453,Standard,United Kingdom,Tablet,2022-05,120,True
454,Standard,Australia,Tablet,2022-05,11,False
455,Basic,Germany,Smart TV,2022-05,0,False
456,Premium,France,Tablet,2022-06,1,False
457,Standard,Brazil,Smart TV,2022-06,82,True
458,Basic,Mexico,Tablet,2022-07,6,False
459,Standard,Spain,Tablet,2022-07,272,True
460,Premium,Italy,Smart TV,2022-06,3,False
461,Basic,United States,Smart TV,2022-06,215,True
462,Premium,Canada,Smartphone,2022-06,104,True
463,Standard,United Kingdom,Smart TV,2022-06,1,False
464,Basic,Australia,Laptop,2022-06,5,False
465,Standard,Germany,Laptop,2022-06,319,True
466,Premium,France,Laptop,2022-06,9,False
467,Basic,Brazil,Laptop,2022-06,16,False
468,Standard,Mexico,Smart TV,2022-06,293,True
469,Premium,Spain,Tablet,2022-06,206,True
470,Basic,Italy,Tablet,2022-07,206,True
471,Premium,United States,Tablet,2022-07,197,True
472,Basic,Canada,Tablet,2022-07,340,True
473,Standard,United Kingdom,Smartphone,2022-07,65,True
474,Standard,Australia,Smartphone,2022-07,171,True
475,Basic,Germany,Smart TV,2022-08,1,False
476,Premium,France,Laptop,2022-08,256,True
477,Basic,Brazil,Laptop,2022-08,300,True
478,Standard,Mexico,Laptop,2022-09,4,False
479,Premium,Spain,Smartphone,2022-09,137,True
480,Basic,Italy,Laptop,2022-09,8,False
481,Premium,United States,Smart TV,2022-09,1,False
482,Basic,Canada,Smart TV,2022-08,11,False
483,Standard,United Kingdom,Smart TV,2022-08,20,False
484,Standard,Australia,Smartphone,2022-08,297,True
485,Basic,Germany,Tablet,2022-09,240,True
486,Premium,France,Laptop,2022-09,135,True
487,Basic,Brazil,Smart TV,2022-10,193,True
488,Standard,Mexico,Smart TV,2022-10,193,True
489,Premium,Spain,Tablet,2022-10,9,False
490,Basic,Italy,Smart TV,2022-10,105,True
491,Premium,United States,Smartphone,2022-10,2,False
492,Basic,Canada,Tablet,2022-09,157,True
493,Standard,United Kingdom,Smartphone,2022-09,222,True
494,Standard,Australia,Smart TV,2022-09,208,True
495,Basic,Germany,Smartphone,2022-09,206,True
496,Premium,France,Laptop,2022-10,7,False
497,Basic,Brazil,Smartphone,2022-11,17,False
498,Standard,Mexico,Smartphone,2022-11,9,False
499,Premium,Spain,Laptop,2022-11,211,True
500,Basic,Italy,Laptop,2022-11,2,False
501,Premium,Spain,Smartphone,2022-11,55,True
502,Basic,Spain,Smartphone,2022-11,1,False
503,Standard,United States,Tablet,2022-11,1,False
504,Standard,Canada,Laptop,2022-10,7,False
505,Basic,United States,Smartphone,2022-10,239,True
506,Premium,United States,Smart TV,2022-10,187,True
507,Basic,Canada,Tablet,2022-10,94,True
508,Standard,United Kingdom,Tablet,2022-10,238,True
509,Premium,Australia,Smartphone,2022-10,0,False
510,Basic,Germany,Tablet,2022-10,121,True
511,Premium,France,Smart TV,2022-07,178,True
512,Basic,Brazil,Tablet,2022-07,277,True
513,Standard,Mexico,Tablet,2022-07,343,True
514,Standard,Spain,Tablet,2022-07,19,False
515,Basic,Italy,Laptop,2022-07,296,True
516,Premium,Spain,Smart TV,2022-07,271,True
517,Basic,Spain,Smart TV,2022-08,269,True
518,Standard,United States,Tablet,2022-08,164,True
519,Premium,Canada,Smartphone,2022-08,51,True
520,Basic,United States,Smart TV,2022-08,48,True
521,Basic,United States,Smart TV,2022-06,0,False
522,Basic,Canada,Tablet,2022-06,304,True
523,Standard,United Kingdom,Smartphone,2022-06,374,True
524,Premium,Australia,Tablet,2022-06,380,True
525,Basic,Germany,Tablet,2022-06,226,True
526,Basic,France,Laptop,2022-06,0,False
527,Premium,Brazil,Tablet,2022-07,342,True
528,Standard,Mexico,Smartphone,2022-07,189,True
529,Standard,Spain,Laptop,2022-07,286,True
530,Basic,Italy,Smart TV,2022-06,94,True
531,Premium,Spain,Laptop,2022-06,313,True
532,Standard,Spain,Laptop,2022-06,232,True
533,Basic,United States,Smartphone,2022-06,0,False
534,Standard,Canada,Smart TV,2022-06,315,True
535,Premium,United States,Laptop,2022-06,3,False
536,Basic,United States,Smart TV,2022-06,366,True
537,Premium,Canada,Smartphone,2022-06,1,False
538,Standard,United Kingdom,Tablet,2022-06,92,True
539,Basic,Australia,Tablet,2022-07,8,False
540,Standard,Germany,Smartphone,2022-07,295,True
541,Premium,France,Smart TV,2022-07,337,True
542,Basic,Brazil,Smartphone,2022-07,175,True
543,Standard,Mexico,Smartphone,2022-07,1,False
544,Premium,Spain,Tablet,2022-08,2,False
545,Basic,Italy,Smart TV,2022-08,242,True
546,Premium,Spain,Smart TV,2022-08,153,True
547,Basic,Spain,Tablet,2022-09,7,False
548,Standard,United States,Smartphone,2022-09,141,True
549,Standard,Canada,Smartphone,2022-09,141,True
550,Basic,United States,Tablet,2022-09,2,False
551,Premium,United States,Laptop,2022-09,0,False
552,Basic,Canada,Tablet,2022-08,24,False
553,Standard,United Kingdom,Smart TV,2022-08,0,False
554,Premium,Australia,Smartphone,2022-08,291,True
555,Basic,Germany,Smartphone,2022-09,0,False
556,Premium,France,Smartphone,2022-09,123,True
557,Basic,Brazil,Smartphone,2022-10,1,False
558,Standard,Mexico,Smart TV,2022-10,7,False
559,Standard,Spain,Tablet,2022-10,4,False
560,Basic,Italy,Laptop,2022-10,187,True
561,Premium,Spain,Laptop,2022-09,2,False
562,Basic,Spain,Laptop,2022-09,274,True
563,Standard,United States,Tablet,2022-09,3,False
564,Premium,Canada,Smartphone,2022-09,112,True
565,Basic,United States,Laptop,2022-09,1,False
566,Premium,United States,Tablet,2022-10,1,False
567,Basic,Canada,Smart TV,2022-11,0,False
568,Standard,United Kingdom,Laptop,2022-11,64,True
569,Standard,Australia,Laptop,2022-11,8,False
570,Basic,Germany,Laptop,2022-11,3,False
571,Premium,France,Smart TV,2022-11,6,False
572,Basic,Brazil,Tablet,2022-11,6,False
573,Standard,Mexico,Smart TV,2022-11,60,True
574,Premium,Spain,Smartphone,2022-10,85,True
575,Basic,Italy,Smart TV,2022-10,5,False
576,Premium,Spain,Tablet,2022-10,2,False
577,Basic,Spain,Laptop,2022-10,178,True
578,Standard,United States,Laptop,2022-10,5,False
579,Standard,Canada,Tablet,2022-10,95,True
580,Basic,United States,Tablet,2022-08,312,True
581,Premium,United States,Laptop,2022-08,0,False
582,Basic,Canada,Laptop,2022-07,337,True
583,Standard,United Kingdom,Tablet,2022-07,66,True
584,Premium,Australia,Smart TV,2022-07,7,False
585,Basic,Germany,Laptop,2022-07,0,False
586,Premium,France,Laptop,2022-08,260,True
587,Basic,Brazil,Smart TV,2022-08,43,True
588,Standard,Mexico,Smartphone,2022-08,163,True
589,Standard,Spain,Laptop,2022-08,174,True
590,Basic,Italy,Laptop,2022-07,53,True
591,Premium,Spain,Smart TV,2022-06,219,True
592,Basic,Spain,Smartphone,2022-06,4,False
593,Standard,United States,Smartphone,2022-06,375,True
594,Premium,Canada,Smart TV,2022-06,319,True
595,Basic,United States,Laptop,2022-06,0,False
596,Basic,United States,Smart TV,2022-06,1,False
597,Basic,Canada,Laptop,2022-06,356,True
598,Standard,United Kingdom,Tablet,2022-07,2,False
599,Premium,Australia,Smart TV,2022-07,199,True
600,Basic,Germany,Smart TV,2022-06,103,True
601,Basic,France,Smart TV,2022-06,16,False
602,Premium,Brazil,Smartphone,2022-06,106,True
603,Standard,Mexico,Tablet,2022-06,4,False
604,Standard,Spain,Smartphone,2022-06,8,False
605,Basic,Italy,Tablet,2022-06,325,True
606,Premium,Spain,Tablet,2022-06,8,False
607,Standard,Spain,Smart TV,2022-06,3,False
608,Basic,United States,Smart TV,2022-06,5,False
609,Standard,Canada,Smartphone,2022-07,349,True
610,Premium,United States,Tablet,2022-07,353,True
611,Basic,United States,Smartphone,2022-07,0,False
612,Premium,Canada,Smart TV,2022-07,277,True
613,Standard,United Kingdom,Laptop,2022-07,15,False
614,Basic,Australia,Smartphone,2022-08,1,False
615,Standard,Germany,Smart TV,2022-08,157,True
616,Premium,France,Laptop,2022-09,3,False
617,Basic,Brazil,Smartphone,2022-09,13,False
618,Standard,Mexico,Smart TV,2022-09,13,False
619,Premium,Spain,Smartphone,2022-09,3,False
620,Basic,Italy,Smartphone,2022-09,223,True
621,Premium,Spain,Smart TV,2022-09,234,True
622,Basic,Spain,Smartphone,2022-08,7,False
623,Standard,United States,Smart TV,2022-08,236,True
624,Standard,Canada,Smartphone,2022-09,1,False
625,Basic,United States,Tablet,2022-09,120,True
626,Premium,United States,Laptop,2022-09,2,False
627,Basic,Canada,Smart TV,2022-09,11,False
628,Standard,United Kingdom,Smartphone,2022-10,0,False
629,Premium,Australia,Tablet,2022-10,96,True
630,Basic,Germany,Smart TV,2022-10,3,False
631,Premium,France,Smartphone,2022-09,8,False
632,Basic,Brazil,Smartphone,2022-09,269,True
633,Standard,Mexico,Smartphone,2022-09,200,True
634,Standard,Spain,Smart TV,2022-09,200,True
635,Basic,Italy,Laptop,2022-10,195,True
636,Premium,Spain,Smart TV,2022-10,5,False
637,Basic,Spain,Tablet,2022-11,2,False
638,Standard,United States,Tablet,2022-11,27,False
639,Premium,Canada,Laptop,2022-11,4,False
640,Basic,United States,Laptop,2022-11,0,False
641,Premium,United States,Tablet,2022-11,2,False
642,Basic,Canada,Laptop,2022-11,6,False
643,Standard,United Kingdom,Smartphone,2022-10,173,True
644,Standard,Australia,Laptop,2022-10,83,True
645,Basic,Germany,Laptop,2022-10,0,False
646,Premium,France,Laptop,2022-10,3,False
647,Basic,Brazil,Smart TV,2022-10,91,True
648,Standard,Mexico,Smartphone,2022-10,13,False
649,Premium,Spain,Smartphone,2022-08,3,False
650,Basic,Italy,Smart TV,2022-08,0,False
651,Premium,Spain,Tablet,2022-08,5,False
652,Basic,Spain,Smartphone,2022-08,2,False
653,Standard,United States,Smartphone,2022-07,6,False
654,Standard,Canada,Smartphone,2022-07,282,True
655,Basic,United States,Tablet,2022-07,55,True
656,Premium,United States,Laptop,2022-07,7,False
657,Basic,Canada,Smart TV,2022-08,49,True
658,Standard,United Kingdom,Smart TV,2022-08,166,True
659,Premium,Australia,Laptop,2022-08,316,True
660,Basic,Germany,Smart TV,2022-06,360,True
661,Premium,France,Laptop,2022-06,300,True
662,Basic,Brazil,Tablet,2022-06,98,True
663,Standard,Mexico,Tablet,2022-06,6,False
664,Standard,Spain,Smart TV,2022-06,11,False
665,Basic,Italy,Smartphone,2022-06,365,True
666,Premium,Spain,Tablet,2022-06,99,True
667,Basic,Spain,Smartphone,2022-06,292,True
668,Standard,United States,Smart TV,2022-07,288,True
669,Premium,Canada,Tablet,2022-06,216,True
670,Basic,United States,Smart TV,2022-06,1,False
671,Basic,United States,Tablet,2022-06,13,False
672,Basic,Canada,Tablet,2022-06,3,False
673,Standard,United Kingdom,Smartphone,2022-06,102,True
674,Premium,Australia,Laptop,2022-06,3,False
675,Basic,Germany,Tablet,2022-06,3,False
676,Basic,France,Smartphone,2022-06,5,False
677,Premium,Brazil,Smart TV,2022-06,9,False
678,Standard,Mexico,Smart TV,2022-06,205,True
679,Standard,Spain,Laptop,2022-07,92,True
680,Basic,Italy,Laptop,2022-07,345,True
681,Premium,Spain,Laptop,2022-07,344,True
682,Standard,Spain,Tablet,2022-07,4,False
683,Basic,United States,Smartphone,2022-08,9,False
684,Standard,Canada,Smartphone,2022-08,264,True
685,Premium,United States,Smartphone,2022-08,6,False
686,Basic,United States,Tablet,2022-08,153,True
687,Premium,Canada,Tablet,2022-08,234,True
688,Standard,United Kingdom,Smartphone,2022-09,20,False
689,Basic,Australia,Smart TV,2022-09,230,True
690,Standard,Germany,Laptop,2022-09,141,True
691,Premium,France,Laptop,2022-09,292,True
692,Basic,Brazil,Tablet,2022-08,25,False
693,Standard,Mexico,Tablet,2022-09,288,True
694,Premium,Spain,Smart TV,2022-09,276,True
695,Basic,Italy,Laptop,2022-09,13,False
696,Premium,Spain,Tablet,2022-09,1,False
697,Basic,Spain,Smart TV,2022-10,31,True
698,Standard,United States,Laptop,2022-10,11,False
699,Standard,Canada,Smartphone,2022-10,194,True
700,Basic,United States,Laptop,2022-10,113,True
701,Premium,United States,Smart TV,2022-09,216,True
702,Basic,Canada,Smartphone,2022-09,120,True
703,Standard,United Kingdom,Laptop,2022-09,17,False
704,Premium,Australia,Tablet,2022-09,118,True
705,Basic,Germany,Laptop,2022-10,3,False
706,Premium,France,Smartphone,2022-10,178,True
707,Basic,Brazil,Smart TV,2022-10,177,True
708,Standard,Mexico,Laptop,2022-11,21,False
709,Standard,Spain,Smart TV,2022-11,12,False
710,Basic,Italy,Smart TV,2022-11,2,False
711,Premium,Spain,Laptop,2022-11,2,False
712,Basic,Spain,Tablet,2022-11,220,True
713,Standard,United States,Laptop,2022-11,0,False
714,Premium,Canada,Tablet,2022-10,8,False
715,Basic,United States,Laptop,2022-10,17,False
716,Premium,United States,Laptop,2022-10,5,False
717,Basic,Canada,Tablet,2022-10,4,False
718,Standard,United Kingdom,Tablet,2022-09,267,True
719,Standard,Australia,Tablet,2022-09,227,True
720,Basic,Germany,Tablet,2022-08,147,True
721,Premium,France,Tablet,2022-08,162,True
722,Basic,Brazil,Smartphone,2022-08,158,True
723,Standard,Mexico,Smartphone,2022-08,1,False
724,Premium,Spain,Laptop,2022-08,2,False
725,Basic,Italy,Tablet,2022-08,8,False
726,Premium,Spain,Laptop,2022-08,261,True
727,Basic,Spain,Laptop,2022-08,9,False
728,Standard,United States,Laptop,2022-08,271,True
729,Standard,Canada,Smartphone,2022-07,286,True
730,Basic,United States,Smartphone,2022-06,11,False
731,Premium,United States,Tablet,2022-06,323,True
732,Basic,Canada,Tablet,2022-06,303,True
733,Standard,United Kingdom,Laptop,2022-06,14,False
734,Premium,Australia,Tablet,2022-06,215,True
735,Basic,Germany,Laptop,2022-06,3,False
736,Premium,France,Smartphone,2022-06,0,False
737,Basic,Brazil,Tablet,2022-07,348,True
738,Standard,Mexico,Smartphone,2022-06,98,True
739,Standard,Spain,Smartphone,2022-06,308,True
740,Basic,Italy,Tablet,2022-06,11,False
741,Premium,Spain,Smart TV,2022-06,223,True
742,Basic,Spain,Smartphone,2022-06,7,False
743,Standard,United States,Laptop,2022-06,311,True
744,Premium,Canada,Tablet,2022-06,222,True
745,Basic,United States,Laptop,2022-06,372,True
746,Basic,United States,Smartphone,2022-06,366,True
747,Basic,Canada,Smart TV,2022-06,12,False
748,Standard,United Kingdom,Smart TV,2022-06,200,True
749,Premium,Australia,Smart TV,2022-07,323,True
750,Basic,Germany,Smart TV,2022-07,5,False
751,Basic,France,Laptop,2022-07,279,True
752,Premium,Brazil,Smartphone,2022-07,178,True
753,Standard,Mexico,Smartphone,2022-07,175,True
754,Standard,Spain,Laptop,2022-08,7,False
755,Basic,Italy,Tablet,2022-08,153,True
756,Premium,Spain,Smartphone,2022-08,301,True
757,Standard,Spain,Laptop,2022-09,6,False
758,Basic,United States,Laptop,2022-09,228,True
759,Standard,Canada,Smart TV,2022-09,226,True
760,Premium,United States,Smartphone,2022-09,14,False
761,Basic,United States,Smart TV,2022-08,1,False
762,Premium,Canada,Laptop,2022-09,290,True
763,Standard,United Kingdom,Laptop,2022-09,5,False
764,Basic,Australia,Smart TV,2022-09,3,False
765,Standard,Germany,Smart TV,2022-09,1,False
766,Premium,France,Smartphone,2022-09,209,True
767,Basic,Brazil,Laptop,2022-10,1,False
768,Standard,Mexico,Laptop,2022-10,16,False
769,Premium,Spain,Smart TV,2022-10,104,True
770,Basic,Italy,Laptop,2022-10,0,False
771,Premium,Spain,Tablet,2022-10,6,False
772,Basic,Spain,Laptop,2022-10,219,True
773,Standard,United States,Smart TV,2022-10,35,True
774,Standard,Canada,Smartphone,2022-10,106,True
775,Basic,United States,Tablet,2022-10,10,False
776,Premium,United States,Laptop,2022-10,243,True
777,Basic,Canada,Smartphone,2022-10,174,True
778,Standard,United Kingdom,Tablet,2022-11,11,False
779,Premium,Australia,Smart TV,2022-11,18,False
780,Basic,Germany,Laptop,2022-11,156,True
781,Premium,France,Smartphone,2022-11,1,False
782,Basic,Brazil,Laptop,2022-11,6,False
783,Standard,Mexico,Laptop,2022-11,78,True
784,Standard,Spain,Laptop,2022-10,85,True
785,Basic,Italy,Laptop,2022-10,234,True
786,Premium,Spain,Smart TV,2022-10,92,True
787,Basic,Spain,Laptop,2022-10,5,False
788,Standard,United States,Tablet,2022-09,218,True
789,Premium,Canada,Smartphone,2022-09,231,True
790,Basic,United States,Smartphone,2022-08,2,False
791,Premium,United States,Smartphone,2022-08,9,False
792,Basic,Canada,Smart TV,2022-08,160,True
793,Standard,United Kingdom,Smartphone,2022-08,3,False
794,Standard,Australia,Smart TV,2022-08,54,True
795,Basic,Germany,Smartphone,2022-08,318,True
796,Premium,France,Smart TV,2022-08,165,True
797,Basic,Brazil,Tablet,2022-08,314,True
798,Standard,Mexico,Laptop,2022-07,280,True
799,Premium,Spain,Tablet,2022-07,2,False
800,Basic,Italy,Smartphone,2022-06,21,False
801,Premium,Spain,Smartphone,2022-06,12,False
802,Basic,Spain,Smartphone,2022-06,1,False
803,Standard,United States,Smart TV,2022-06,91,True
804,Standard,Canada,Smartphone,2022-06,11,False
805,Basic,United States,Laptop,2022-06,360,True
806,Premium,United States,Laptop,2022-07,349,True
807,Basic,Canada,Tablet,2022-06,1,False
808,Standard,United Kingdom,Smart TV,2022-06,209,True
809,Premium,Australia,Smartphone,2022-06,4,False
810,Basic,Germany,Smartphone,2022-06,16,False
811,Premium,France,Laptop,2022-06,234,True
812,Basic,Brazil,Laptop,2022-06,105,True
813,Standard,Mexico,Smartphone,2022-06,8,False
814,Standard,Spain,Smartphone,2022-06,370,True
815,Basic,Italy,Smartphone,2022-06,308,True
816,Premium,Spain,Smart TV,2022-06,5,False
817,Basic,Spain,Tablet,2022-06,91,True
818,Standard,United States,Tablet,2022-06,202,True
819,Premium,Canada,Laptop,2022-07,210,True
820,Basic,United States,Tablet,2022-07,75,True
821,Basic,United States,Laptop,2022-07,285,True
822,Basic,Canada,Laptop,2022-07,17,False
823,Standard,United Kingdom,Smartphone,2022-07,73,True
824,Premium,Australia,Smartphone,2022-07,67,True
825,Basic,Germany,Laptop,2022-08,52,True
826,Basic,France,Smart TV,2022-08,4,False
827,Premium,Brazil,Smartphone,2022-08,45,True
828,Standard,Mexico,Smart TV,2022-08,156,True
829,Standard,Spain,Tablet,2022-09,3,False
830,Basic,Italy,Smartphone,2022-09,136,True
831,Premium,Spain,Smartphone,2022-09,1,False
832,Standard,Spain,Tablet,2022-09,31,True
833,Basic,United States,Smartphone,2022-09,1,False
834,Standard,Canada,Smart TV,2022-09,7,False
835,Premium,United States,Laptop,2022-09,155,True
836,Basic,United States,Laptop,2022-10,7,False
837,Premium,Canada,Smart TV,2022-10,204,True
838,Standard,United Kingdom,Smartphone,2022-10,1,False
839,Basic,Australia,Laptop,2022-10,255,True
840,Standard,Germany,Smartphone,2022-10,28,False
841,Premium,France,Smartphone,2022-10,102,True
842,Basic,Brazil,Laptop,2022-10,11,False
843,Standard,Mexico,Smartphone,2022-10,7,False
844,Premium,Spain,Smart TV,2022-10,21,False
845,Basic,Italy,Smartphone,2022-10,1,False
846,Premium,Spain,Laptop,2022-10,1,False
847,Basic,Spain,Smart TV,2022-10,235,True
848,Standard,United States,Tablet,2022-11,19,False
849,Standard,Canada,Smart TV,2022-11,155,True
850,Basic,United States,Smart TV,2022-11,154,True
851,Premium,United States,Laptop,2022-11,4,False
852,Basic,Canada,Laptop,2022-11,4,False
853,Standard,United Kingdom,Tablet,2022-11,72,True
854,Premium,Australia,Smart TV,2022-11,9,False
855,Basic,Germany,Laptop,2022-11,226,True
856,Premium,France,Smart TV,2022-10,11,False
857,Basic,Brazil,Smartphone,2022-09,126,True
858,Standard,Mexico,Laptop,2022-09,8,False
859,Standard,Spain,Tablet,2022-09,3,False
860,Basic,Italy,Smart TV,2022-08,301,True
861,Premium,Spain,Smart TV,2022-08,6,False
862,Basic,Spain,Smartphone,2022-08,308,True
863,Standard,United States,Laptop,2022-08,14,False
864,Premium,Canada,Tablet,2022-08,258,True
865,Basic,United States,Smartphone,2022-08,257,True
866,Premium,United States,Smart TV,2022-08,1,False
867,Basic,Canada,Tablet,2022-07,6,False
868,Standard,United Kingdom,Tablet,2022-07,276,True
869,Standard,Australia,Tablet,2022-07,197,True
870,Basic,Germany,Laptop,2022-07,2,False
871,Premium,France,Tablet,2022-06,212,True
872,Basic,Brazil,Laptop,2022-06,301,True
873,Standard,Mexico,Smart TV,2022-06,11,False
874,Premium,Spain,Smart TV,2022-06,1,False
875,Basic,Italy,Smart TV,2022-06,19,False
876,Premium,Spain,Tablet,2022-06,7,False
877,Basic,Spain,Smart TV,2022-06,353,True
878,Standard,United States,Smartphone,2022-06,298,True
879,Standard,Canada,Tablet,2022-06,228,True
880,Basic,United States,Smart TV,2022-06,316,True
881,Premium,United States,Smartphone,2022-06,1,False
882,Basic,Canada,Smart TV,2022-06,98,True
883,Standard,United Kingdom,Tablet,2022-06,110,True
884,Premium,Australia,Tablet,2022-06,100,True
885,Basic,Germany,Tablet,2022-06,93,True
886,Premium,France,Smart TV,2022-06,305,True
887,Basic,Brazil,Laptop,2022-06,357,True
888,Standard,Mexico,Laptop,2022-06,0,False
889,Standard,Spain,Smartphone,2022-07,3,False
890,Basic,Italy,Smart TV,2022-07,344,True
891,Premium,Spain,Smart TV,2022-07,283,True
892,Basic,Spain,Tablet,2022-07,11,False
893,Standard,United States,Smart TV,2022-07,261,True
894,Premium,Canada,Smart TV,2022-08,46,True
895,Basic,United States,Smartphone,2022-08,6,False
896,Basic,United States,Smartphone,2022-08,3,False
897,Basic,Canada,Laptop,2022-08,38,True
898,Standard,United Kingdom,Tablet,2022-08,144,True
899,Premium,Australia,Laptop,2022-09,5,False
900,Basic,Germany,Smartphone,2022-09,3,False
901,Basic,France,Smartphone,2022-09,19,False
902,Premium,Brazil,Tablet,2022-09,14,False
903,Standard,Mexico,Laptop,2022-09,264,True
904,Standard,Spain,Tablet,2022-09,116,True
905,Basic,Italy,Laptop,2022-10,7,False
906,Premium,Spain,Smart TV,2022-10,21,False
907,Standard,Spain,Laptop,2022-10,9,False
908,Basic,United States,Smart TV,2022-10,3,False
909,Standard,Canada,Tablet,2022-10,110,True
910,Premium,United States,Smart TV,2022-10,1,False
911,Basic,United States,Smart TV,2022-10,107,True
912,Premium,Canada,Tablet,2022-10,254,True
913,Standard,United Kingdom,Laptop,2022-10,118,True
914,Basic,Australia,Smart TV,2022-10,193,True
915,Standard,Germany,Laptop,2022-10,3,False
916,Premium,France,Smartphone,2022-10,174,True
917,Basic,Brazil,Tablet,2022-10,1,False
918,Standard,Mexico,Smart TV,2022-10,4,False
919,Premium,Spain,Smartphone,2022-11,172,True
920,Basic,Italy,Tablet,2022-11,2,False
921,Premium,Spain,Smart TV,2022-11,3,False
922,Basic,Spain,Tablet,2022-11,11,False
923,Standard,United States,Tablet,2022-11,28,False
924,Standard,Canada,Smart TV,2022-11,6,False
925,Basic,United States,Laptop,2022-10,177,True
926,Premium,United States,Laptop,2022-10,16,False
927,Basic,Canada,Laptop,2022-10,5,False
928,Standard,United Kingdom,Smartphone,2022-10,250,True
929,Premium,Australia,Smart TV,2022-08,0,False
930,Basic,Germany,Laptop,2022-08,45,True
931,Premium,France,Laptop,2022-08,14,False
932,Basic,Brazil,Smart TV,2022-08,5,False
933,Standard,Mexico,Laptop,2022-08,1,False
934,Standard,Spain,Smartphone,2022-08,44,True
935,Basic,Italy,Smartphone,2022-08,1,False
936,Premium,Spain,Tablet,2022-07,4,False
937,Basic,Spain,Smartphone,2022-07,0,False
938,Standard,United States,Smart TV,2022-07,188,True
939,Premium,Canada,Tablet,2022-07,291,True
940,Basic,United States,Smart TV,2022-06,1,False
941,Premium,United States,Smart TV,2022-06,85,True
942,Basic,Canada,Laptop,2022-06,2,False
943,Standard,United Kingdom,Smart TV,2022-06,2,False
944,Standard,Australia,Tablet,2022-06,3,False
945,Basic,Germany,Laptop,2022-06,90,True
946,Premium,France,Laptop,2022-06,352,True
947,Basic,Brazil,Tablet,2022-06,85,True
948,Standard,Mexico,Laptop,2022-06,355,True
949,Premium,Spain,Tablet,2022-06,296,True
950,Basic,Italy,Tablet,2022-06,214,True
951,Premium,Spain,Smartphone,2022-06,102,True
952,Basic,Spain,Tablet,2022-06,3,False
953,Standard,United States,Laptop,2022-06,216,True
954,Standard,Canada,Smartphone,2022-06,367,True
955,Basic,United States,Laptop,2022-06,2,False
956,Premium,United States,Smart TV,2022-06,6,False
957,Basic,Canada,Tablet,2022-06,3,False
958,Standard,United Kingdom,Laptop,2022-07,13,False
959,Premium,Australia,Laptop,2022-07,201,True
960,Basic,Germany,Tablet,2022-07,17,False
961,Premium,France,Laptop,2022-07,338,True
962,Basic,Brazil,Laptop,2022-07,0,False
963,Standard,Mexico,Tablet,2022-08,1,False
964,Standard,Spain,Smart TV,2022-08,248,True
965,Basic,Italy,Laptop,2022-08,5,False
966,Premium,Spain,Laptop,2022-08,160,True
967,Basic,Spain,Smartphone,2022-08,24,False
968,Standard,United States,Tablet,2022-08,291,True
969,Premium,Canada,Smart TV,2022-09,297,True
970,Basic,United States,Tablet,2022-09,4,False
971,Basic,United States,Tablet,2022-09,284,True
972,Basic,Canada,Laptop,2022-09,5,False
973,Standard,United Kingdom,Smartphone,2022-09,9,False
974,Premium,Australia,Smartphone,2022-09,204,True
975,Basic,Germany,Smart TV,2022-10,38,True
976,Basic,France,Laptop,2022-10,202,True
977,Premium,Brazil,Laptop,2022-10,198,True
978,Standard,Mexico,Smart TV,2022-10,0,False
979,Standard,Spain,Smartphone,2022-10,257,True
980,Basic,Italy,Smart TV,2022-10,116,True
981,Premium,Spain,Smart TV,2022-10,0,False
982,Standard,Spain,Smart TV,2022-10,4,False
983,Basic,United States,Smartphone,2022-10,191,True
984,Standard,Canada,Smart TV,2022-10,243,True
985,Premium,United States,Smart TV,2022-10,0,False
986,Basic,United States,Laptop,2022-10,93,True
987,Premium,Canada,Tablet,2022-10,1,False
988,Standard,United Kingdom,Smartphone,2022-10,2,False
989,Basic,Australia,Smartphone,2022-11,70,True
990,Standard,Germany,Smartphone,2022-11,27,False
991,Premium,France,Smart TV,2022-11,71,True
992,Basic,Brazil,Smartphone,2022-11,1,False
993,Standard,Mexico,Laptop,2022-11,2,False
994,Premium,Spain,Tablet,2022-10,227,True
995,Basic,Italy,Tablet,2022-10,12,False
996,Premium,Spain,Tablet,2022-10,7,False
997,Basic,Spain,Tablet,2022-10,5,False
998,Standard,United States,Laptop,2022-09,18,False
999,Standard,Canada,Tablet,2022-08,30,False
1000,Basic,United States,Smartphone,2022-08,52,True
1001,Premium,United States,Laptop,2022-08,1,False
1002,Basic,Canada,Tablet,2022-08,40,True
1003,Standard,United Kingdom,Smart TV,2022-08,311,True
1004,Premium,Australia,Smart TV,2022-08,309,True
1005,Basic,Germany,Laptop,2022-08,45,True
1006,Premium,France,Smart TV,2022-07,3,False
1007,Basic,Brazil,Smart TV,2022-07,3,False
1008,Standard,Mexico,Smartphone,2022-07,193,True
1009,Standard,Spain,Laptop,2022-07,84,True
1010,Basic,Italy,Tablet,2022-07,207,True
1011,Premium,Spain,Smart TV,2022-07,79,True
1012,Basic,Spain,Smartphone,2022-06,295,True
1013,Standard,United States,Smart TV,2022-06,100,True
1014,Premium,Canada,Smartphone,2022-06,300,True
1015,Basic,United States,Laptop,2022-06,17,False
1016,Premium,United States,Tablet,2022-06,10,False
1017,Basic,Canada,Smartphone,2022-06,92,True
1018,Standard,United Kingdom,Tablet,2022-06,361,True
1019,Standard,Australia,Tablet,2022-06,15,False
1020,Basic,Germany,Tablet,2022-06,9,False
1021,Premium,France,Smart TV,2022-06,7,False
1022,Basic,Brazil,Laptop,2022-06,363,True
1023,Standard,Mexico,Laptop,2022-06,10,False
1024,Premium,Spain,Smartphone,2022-06,7,False
1025,Basic,Italy,Smartphone,2022-06,363,True
1026,Premium,Spain,Laptop,2022-06,85,True
1027,Basic,Spain,Tablet,2022-07,3,False
1028,Standard,United States,Tablet,2022-07,292,True
1029,Standard,Canada,Smartphone,2022-07,73,True
1030,Basic,United States,Smartphone,2022-07,6,False
1031,Premium,United States,Smart TV,2022-07,67,True
1032,Basic,Canada,Smartphone,2022-07,4,False
1033,Standard,United Kingdom,Tablet,2022-07,174,True
1034,Premium,Australia,Tablet,2022-08,317,True
1035,Basic,Germany,Smartphone,2022-08,5,False
1036,Premium,France,Smartphone,2022-08,29,False
1037,Basic,Brazil,Tablet,2022-08,0,False
1038,Standard,Mexico,Smartphone,2022-09,23,False
1039,Standard,Spain,Laptop,2022-09,18,False
1040,Basic,Italy,Smartphone,2022-09,134,True
1041,Premium,Spain,Laptop,2022-09,2,False
1042,Basic,Spain,Tablet,2022-09,2,False
1043,Standard,United States,Tablet,2022-09,272,True
1044,Premium,Canada,Tablet,2022-09,47,True
1045,Basic,United States,Tablet,2022-10,0,False
1046,Basic,United States,Laptop,2022-10,254,True
1047,Basic,Canada,Laptop,2022-10,1,False
1048,Standard,United Kingdom,Tablet,2022-10,3,False
1049,Premium,Australia,Smartphone,2022-10,193,True
1050,Basic,Germany,Smart TV,2022-10,0,False
1051,Basic,France,Laptop,2022-10,1,False
1052,Premium,Brazil,Tablet,2022-10,246,True
1053,Standard,Mexico,Smartphone,2022-10,115,True
1054,Standard,Spain,Tablet,2022-10,5,False
1055,Basic,Italy,Smartphone,2022-10,3,False
1056,Premium,Spain,Tablet,2022-10,0,False
1057,Standard,Spain,Tablet,2022-10,7,False
1058,Basic,United States,Smart TV,2022-11,171,True
1059,Standard,Canada,Tablet,2022-11,161,True
1060,Premium,United States,Laptop,2022-11,1,False
1061,Basic,United States,Tablet,2022-11,24,False
1062,Premium,Canada,Laptop,2022-11,84,True
1063,Standard,United Kingdom,Laptop,2022-11,4,False
1064,Basic,Australia,Tablet,2022-10,10,False
1065,Standard,Germany,Smart TV,2022-10,179,True
1066,Premium,France,Laptop,2022-10,6,False
1067,Basic,Brazil,Tablet,2022-10,6,False
1068,Standard,Mexico,Tablet,2022-10,184,True
1069,Premium,Spain,Smart TV,2022-10,1,False
1070,Basic,Italy,Tablet,2022-09,284,True
1071,Premium,Spain,Tablet,2022-09,18,False
1072,Basic,Spain,Tablet,2022-08,4,False
1073,Standard,United States,Smart TV,2022-08,247,True
1074,Standard,Canada,Smartphone,2022-08,4,False
1075,Basic,United States,Smart TV,2022-08,45,True
1076,Premium,United States,Laptop,2022-08,4,False
1077,Basic,Canada,Laptop,2022-07,4,False
1078,Standard,United Kingdom,Laptop,2022-07,334,True
1079,Premium,Australia,Tablet,2022-07,202,True
1080,Basic,Germany,Smartphone,2022-07,204,True
1081,Premium,France,Smartphone,2022-06,0,False
1082,Basic,Brazil,Tablet,2022-06,295,True
1083,Standard,Mexico,Laptop,2022-06,301,True
1084,Standard,Spain,Smartphone,2022-06,7,False
1085,Basic,Italy,Smartphone,2022-06,11,False
1086,Premium,Spain,Tablet,2022-06,0,False
1087,Basic,Spain,Tablet,2022-06,89,True
1088,Standard,United States,Smartphone,2022-06,307,True
1089,Premium,Canada,Tablet,2022-06,4,False
1090,Basic,United States,Smart TV,2022-06,359,True
1091,Premium,United States,Smartphone,2022-06,95,True
1092,Basic,Canada,Smart TV,2022-06,311,True
1093,Standard,United Kingdom,Smartphone,2022-06,361,True
1094,Standard,Australia,Tablet,2022-06,215,True
1095,Basic,Germany,Smartphone,2022-06,10,False
1096,Premium,France,Smartphone,2022-06,0,False
1097,Basic,Brazil,Smartphone,2022-07,202,True
1098,Standard,Mexico,Smartphone,2022-07,289,True
1099,Premium,Spain,Laptop,2022-07,288,True
1100,Basic,Italy,Laptop,2022-07,0,False
1101,Premium,Spain,Tablet,2022-07,2,False
1102,Basic,Spain,Smartphone,2022-07,0,False
1103,Standard,United States,Tablet,2022-08,5,False
1104,Standard,Canada,Smart TV,2022-08,8,False
1105,Basic,United States,Tablet,2022-08,248,True
1106,Premium,United States,Smart TV,2022-08,8,False
1107,Basic,Canada,Smart TV,2022-08,31,True
1108,Standard,United Kingdom,Laptop,2022-09,2,False
1109,Premium,Australia,Smartphone,2022-09,18,False
1110,Basic,Germany,Tablet,2022-09,287,True
1111,Premium,France,Smart TV,2022-09,16,False
1112,Basic,Brazil,Tablet,2022-09,145,True
1113,Standard,Mexico,Laptop,2022-09,0,False
1114,Standard,Spain,Smart TV,2022-10,259,True
1115,Basic,Italy,Laptop,2022-10,16,False
1116,Premium,Spain,Laptop,2022-10,1,False
1117,Basic,Spain,Tablet,2022-10,8,False
1118,Standard,United States,Smart TV,2022-10,27,False
1119,Premium,Canada,Smartphone,2022-10,2,False
1120,Basic,United States,Smartphone,2022-10,113,True
1121,Basic,United States,Smart TV,2022-10,3,False
1122,Basic,Canada,Smartphone,2022-10,184,True
1123,Standard,United Kingdom,Laptop,2022-10,3,False
1124,Premium,Australia,Laptop,2022-10,7,False
1125,Basic,Germany,Tablet,2022-10,3,False
1126,Basic,France,Laptop,2022-10,176,True
1127,Premium,Brazil,Tablet,2022-10,8,False
1128,Standard,Mexico,Tablet,2022-11,11,False
1129,Standard,Spain,Smartphone,2022-11,3,False
1130,Basic,Italy,Smart TV,2022-11,14,False
1131,Premium,Spain,Laptop,2022-11,3,False
1132,Standard,Spain,Laptop,2022-11,225,True
1133,Basic,United States,Laptop,2022-11,177,True
1134,Standard,Canada,Smart TV,2022-11,170,True
1135,Premium,United States,Laptop,2022-10,3,False
1136,Basic,United States,Smartphone,2022-10,110,True
1137,Premium,Canada,Smart TV,2022-10,238,True
1138,Standard,United Kingdom,Smartphone,2022-10,239,True
1139,Basic,Australia,Smartphone,2022-09,280,True
1140,Standard,Germany,Smart TV,2022-09,148,True
1141,Premium,France,Smart TV,2022-08,41,True
1142,Basic,Brazil,Laptop,2022-08,241,True
1143,Standard,Mexico,Smart TV,2022-08,3,False
1144,Premium,Spain,Tablet,2022-08,314,True
1145,Basic,Italy,Smart TV,2022-08,7,False
1146,Premium,Spain,Smartphone,2022-08,49,True
1147,Basic,Spain,Tablet,2022-07,323,True
1148,Standard,United States,Smartphone,2022-07,340,True
1149,Standard,Canada,Tablet,2022-07,9,False
1150,Basic,United States,Tablet,2022-07,1,False
1151,Premium,United States,Laptop,2022-06,299,True
1152,Basic,Canada,Smartphone,2022-06,91,True
1153,Standard,United Kingdom,Laptop,2022-06,6,False
1154,Premium,Australia,Laptop,2022-06,200,True
1155,Basic,Germany,Laptop,2022-06,20,False
1156,Premium,France,Laptop,2022-06,3,False
1157,Basic,Brazil,Smart TV,2022-06,303,True
1158,Standard,Mexico,Smart TV,2022-06,212,True
1159,Standard,Spain,Laptop,2022-06,2,False
1160,Basic,Italy,Smart TV,2022-06,12,False
1161,Premium,Spain,Smartphone,2022-06,222,True
1162,Basic,Spain,Smart TV,2022-06,0,False
1163,Standard,United States,Smart TV,2022-06,0,False
1164,Premium,Canada,Smart TV,2022-06,1,False
1165,Basic,United States,Smartphone,2022-06,303,True
1166,Premium,United States,Tablet,2022-07,198,True
1167,Basic,Canada,Tablet,2022-07,14,False
1168,Standard,United Kingdom,Laptop,2022-07,3,False
1169,Standard,Australia,Smartphone,2022-07,292,True
1170,Basic,Germany,Smart TV,2022-07,182,True
1171,Premium,France,Smartphone,2022-07,2,False
1172,Basic,Brazil,Smart TV,2022-07,322,True
1173,Standard,Mexico,Smartphone,2022-08,259,True
1174,Premium,Spain,Laptop,2022-08,7,False
1175,Basic,Italy,Laptop,2022-08,269,True
1176,Premium,Spain,Smart TV,2022-08,1,False
1177,Basic,Spain,Tablet,2022-09,12,False
1178,Standard,United States,Smart TV,2022-09,3,False
1179,Standard,Canada,Smartphone,2022-09,1,False
1180,Basic,United States,Smart TV,2022-09,279,True
1181,Premium,United States,Laptop,2022-09,1,False
1182,Basic,Canada,Smartphone,2022-09,8,False
1183,Standard,United Kingdom,Tablet,2022-09,133,True
1184,Premium,Australia,Laptop,2022-09,12,False
1185,Basic,Germany,Smart TV,2022-10,11,False
1186,Premium,France,Smart TV,2022-10,252,True
1187,Basic,Brazil,Smart TV,2022-10,198,True
1188,Standard,Mexico,Tablet,2022-10,21,False
1189,Standard,Spain,Smartphone,2022-10,104,True
1190,Basic,Italy,Laptop,2022-10,3,False
1191,Premium,Spain,Smartphone,2022-10,0,False
1192,Basic,Spain,Laptop,2022-10,193,True
1193,Standard,United States,Tablet,2022-10,7,False
1194,Premium,Canada,Smart TV,2022-10,90,True
1195,Basic,United States,Smart TV,2022-10,238,True
1196,Basic,United States,Tablet,2022-10,3,False
1197,Basic,Canada,Smart TV,2022-10,91,True
1198,Standard,United Kingdom,Laptop,2022-11,1,False
1199,Premium,Australia,Smart TV,2022-11,9,False
1200,Basic,Germany,Smartphone,2022-11,230,True
1201,Basic,France,Smart TV,2022-11,2,False
1202,Premium,Brazil,Smart TV,2022-11,2,False
1203,Standard,Mexico,Smart TV,2022-11,167,True
1204,Standard,Spain,Laptop,2022-10,172,True
1205,Basic,Italy,Laptop,2022-10,3,False
1206,Premium,Spain,Smart TV,2022-10,91,True
1207,Standard,Spain,Smart TV,2022-10,95,True
1208,Basic,United States,Smartphone,2022-09,21,False
1209,Standard,Canada,Tablet,2022-09,268,True
1210,Premium,United States,Smart TV,2022-09,19,False
1211,Basic,United States,Laptop,2022-08,238,True
1212,Premium,Canada,Tablet,2022-08,4,False
1213,Standard,United Kingdom,Smart TV,2022-08,36,True
1214,Basic,Australia,Smartphone,2022-08,18,False
1215,Standard,Germany,Laptop,2022-08,320,True
1216,Premium,France,Tablet,2022-07,264,True
1217,Basic,Brazil,Laptop,2022-07,191,True
1218,Standard,Mexico,Laptop,2022-07,21,False
1219,Premium,Spain,Smartphone,2022-07,201,True
1220,Basic,Italy,Smart TV,2022-07,350,True
1221,Premium,Spain,Smart TV,2022-07,291,True
1222,Basic,Spain,Tablet,2022-06,296,True
1223,Standard,United States,Smartphone,2022-06,6,False
1224,Standard,Canada,Smartphone,2022-06,90,True
1225,Basic,United States,Smart TV,2022-06,85,True
1226,Premium,United States,Smartphone,2022-06,7,False
1227,Basic,Canada,Tablet,2022-06,86,True
1228,Standard,United Kingdom,Tablet,2022-06,94,True
1229,Premium,Australia,Smartphone,2022-06,221,True
1230,Basic,Germany,Smart TV,2022-06,358,True
1231,Premium,France,Tablet,2022-06,9,False
1232,Basic,Brazil,Smartphone,2022-06,1,False
1233,Standard,Mexico,Smartphone,2022-06,5,False
1234,Standard,Spain,Smartphone,2022-06,299,True
1235,Basic,Italy,Tablet,2022-06,11,False
1236,Premium,Spain,Tablet,2022-07,42,True
1237,Basic,Spain,Tablet,2022-07,285,True
1238,Standard,United States,Smartphone,2022-07,190,True
1239,Premium,Canada,Laptop,2022-07,194,True
1240,Basic,United States,Laptop,2022-07,60,True
1241,Premium,United States,Laptop,2022-07,1,False
1242,Basic,Canada,Tablet,2022-07,260,True
1243,Standard,United Kingdom,Smartphone,2022-08,36,True
1244,Standard,Australia,Tablet,2022-08,243,True
1245,Basic,Germany,Smartphone,2022-08,305,True
1246,Premium,France,Smartphone,2022-08,1,False
1247,Basic,Brazil,Smartphone,2022-09,17,False
1248,Standard,Mexico,Smart TV,2022-09,5,False
1249,Premium,Spain,Smart TV,2022-09,234,True
1250,Basic,Italy,Smartphone,2022-09,33,True
1251,Premium,Spain,Tablet,2022-09,138,True
1252,Basic,Spain,Laptop,2022-09,3,False
1253,Standard,United States,Laptop,2022-09,4,False
1254,Standard,Canada,Tablet,2022-09,6,False
1255,Basic,United States,Smart TV,2022-10,1,False
1256,Premium,United States,Laptop,2022-10,20,False
1257,Basic,Canada,Smart TV,2022-10,0,False
1258,Standard,United Kingdom,Tablet,2022-10,7,False
1259,Premium,Australia,Laptop,2022-10,6,False
1260,Basic,Germany,Laptop,2022-10,1,False
1261,Premium,France,Smart TV,2022-10,24,False
1262,Basic,Brazil,Smart TV,2022-10,10,False
1263,Standard,Mexico,Tablet,2022-10,6,False
1264,Standard,Spain,Smart TV,2022-10,3,False
1265,Basic,Italy,Tablet,2022-10,1,False
1266,Premium,Spain,Laptop,2022-10,5,False
1267,Basic,Spain,Tablet,2022-10,36,True
1268,Standard,United States,Laptop,2022-11,0,False
1269,Premium,Canada,Smartphone,2022-11,1,False
1270,Basic,United States,Smart TV,2022-11,2,False
1271,Basic,United States,Smartphone,2022-11,163,True
1272,Basic,Canada,Smartphone,2022-11,73,True
1273,Standard,United Kingdom,Tablet,2022-10,232,True
1274,Premium,Australia,Smart TV,2022-10,16,False
1275,Basic,Germany,Smartphone,2022-10,179,True
1276,Basic,France,Laptop,2022-10,23,False
1277,Premium,Brazil,Smartphone,2022-09,262,True
1278,Standard,Mexico,Laptop,2022-09,204,True
1279,Standard,Spain,Tablet,2022-09,222,True
1280,Basic,Italy,Laptop,2022-08,154,True
1281,Premium,Spain,Laptop,2022-08,150,True
1282,Standard,Spain,Tablet,2022-08,27,False
1283,Basic,United States,Laptop,2022-08,304,True
1284,Standard,Canada,Tablet,2022-08,160,True
1285,Premium,United States,Smart TV,2022-08,46,True
1286,Basic,United States,Laptop,2022-07,63,True
1287,Premium,Canada,Tablet,2022-07,6,False
1288,Standard,United Kingdom,Smartphone,2022-07,4,False
1289,Basic,Australia,Tablet,2022-07,78,True
1290,Standard,Germany,Laptop,2022-07,295,True
1291,Premium,France,Laptop,2022-06,296,True
1292,Basic,Brazil,Smart TV,2022-06,293,True
1293,Standard,Mexico,Tablet,2022-07,293,True
1294,Premium,Spain,Smartphone,2022-06,293,True
1295,Basic,Italy,Smartphone,2022-06,4,False
1296,Premium,Spain,Smart TV,2022-06,10,False
1297,Basic,Spain,Smartphone,2022-06,3,False
1298,Standard,United States,Laptop,2022-06,22,False
1299,Standard,Canada,Smart TV,2022-06,222,True
1300,Basic,United States,Laptop,2022-06,5,False
1301,Premium,United States,Smart TV,2022-06,360,True
1302,Basic,Canada,Smart TV,2022-06,10,False
1303,Standard,United Kingdom,Laptop,2022-06,206,True
1304,Premium,Australia,Laptop,2022-06,212,True
1305,Basic,Germany,Smartphone,2022-07,12,False
1306,Premium,France,Laptop,2022-07,359,True
1307,Basic,Brazil,Tablet,2022-07,3,False
1308,Standard,Mexico,Tablet,2022-07,68,True
1309,Standard,Spain,Tablet,2022-07,2,False
1310,Basic,Italy,Laptop,2022-07,5,False
1311,Premium,Spain,Tablet,2022-07,53,True
1312,Basic,Spain,Laptop,2022-08,318,True
1313,Standard,United States,Smart TV,2022-08,0,False
1314,Premium,Canada,Tablet,2022-08,35,True
1315,Basic,United States,Smartphone,2022-08,4,False
1316,Premium,United States,Tablet,2022-08,13,False
1317,Basic,Canada,Tablet,2022-09,6,False
1318,Standard,United Kingdom,Smartphone,2022-09,288,True
1319,Standard,Australia,Smartphone,2022-09,144,True
1320,Basic,Germany,Laptop,2022-09,276,True
1321,Premium,France,Tablet,2022-09,15,False
1322,Basic,Brazil,Smartphone,2022-09,273,True
1323,Standard,Mexico,Smartphone,2022-09,0,False
1324,Premium,Spain,Smart TV,2022-10,106,True
1325,Basic,Italy,Smartphone,2022-10,0,False
1326,Premium,Spain,Smartphone,2022-10,255,True
1327,Basic,Spain,Laptop,2022-10,9,False
1328,Standard,United States,Tablet,2022-10,106,True
1329,Standard,Canada,Laptop,2022-10,2,False
1330,Basic,United States,Smart TV,2022-10,0,False
1331,Premium,United States,Smartphone,2022-10,247,True
1332,Basic,Canada,Smartphone,2022-10,200,True
1333,Standard,United Kingdom,Tablet,2022-10,16,False
1334,Premium,Australia,Smart TV,2022-10,117,True
1335,Basic,Germany,Tablet,2022-10,2,False
1336,Premium,France,Tablet,2022-10,4,False
1337,Basic,Brazil,Tablet,2022-10,13,False
1338,Standard,Mexico,Laptop,2022-11,4,False
1339,Standard,Spain,Laptop,2022-11,12,False
1340,Basic,Italy,Smartphone,2022-11,7,False
1341,Premium,Spain,Smart TV,2022-11,72,True
1342,Basic,Spain,Laptop,2022-11,0,False
1343,Standard,United States,Tablet,2022-11,23,False
1344,Premium,Canada,Smartphone,2022-10,8,False
1345,Basic,United States,Smart TV,2022-10,231,True
1346,Basic,United States,Smart TV,2022-10,248,True
1347,Basic,Canada,Smart TV,2022-10,7,False
1348,Standard,United Kingdom,Laptop,2022-09,13,False
1349,Premium,Australia,Laptop,2022-09,8,False
1350,Basic,Germany,Smartphone,2022-08,143,True
1351,Basic,France,Laptop,2022-08,22,False
1352,Premium,Brazil,Laptop,2022-08,2,False
1353,Standard,Mexico,Tablet,2022-08,0,False
1354,Standard,Spain,Tablet,2022-08,308,True
1355,Basic,Italy,Tablet,2022-07,6,False
1356,Premium,Spain,Smartphone,2022-07,3,False
1357,Standard,Spain,Smart TV,2022-07,73,True
1358,Basic,United States,Tablet,2022-07,92,True
1359,Standard,Canada,Laptop,2022-07,197,True
1360,Premium,United States,Smart TV,2022-07,280,True
1361,Basic,United States,Laptop,2022-07,199,True
1362,Premium,Canada,Laptop,2022-07,208,True
1363,Standard,United Kingdom,Laptop,2022-07,6,False
1364,Basic,Australia,Tablet,2022-07,82,True
1365,Standard,Germany,Smartphone,2022-06,204,True
1366,Premium,France,Laptop,2022-06,0,False
1367,Basic,Brazil,Smartphone,2022-06,5,False
1368,Standard,Mexico,Laptop,2022-06,206,True
1369,Premium,Spain,Laptop,2022-06,11,False
1370,Basic,Italy,Tablet,2022-06,13,False
1371,Premium,Spain,Laptop,2022-06,310,True
1372,Basic,Spain,Laptop,2022-06,2,False
1373,Standard,United States,Laptop,2022-06,87,True
1374,Standard,Canada,Smart TV,2022-06,89,True
1375,Basic,United States,Laptop,2022-06,292,True
1376,Premium,United States,Tablet,2022-07,205,True
1377,Basic,Canada,Smart TV,2022-07,287,True
1378,Standard,United Kingdom,Smart TV,2022-07,278,True
1379,Premium,Australia,Smartphone,2022-07,180,True
1380,Basic,Germany,Laptop,2022-07,1,False
1381,Premium,France,Smart TV,2022-08,168,True
1382,Basic,Brazil,Smart TV,2022-08,164,True
1383,Standard,Mexico,Tablet,2022-08,309,True
1384,Standard,Spain,Smart TV,2022-08,1,False
1385,Basic,Italy,Smartphone,2022-08,30,False
1386,Premium,Spain,Smart TV,2022-08,32,True
1387,Basic,Spain,Smart TV,2022-08,3,False
1388,Standard,United States,Smartphone,2022-09,285,True
1389,Premium,Canada,Smartphone,2022-09,161,True
1390,Basic,United States,Laptop,2022-09,125,True
1391,Premium,United States,Tablet,2022-09,224,True
1392,Basic,Canada,Tablet,2022-09,115,True
1393,Standard,United Kingdom,Smart TV,2022-10,38,True
1394,Standard,Australia,Tablet,2022-10,256,True
1395,Basic,Germany,Tablet,2022-10,2,False
1396,Premium,France,Smart TV,2022-10,103,True
1397,Basic,Brazil,Laptop,2022-10,2,False
1398,Standard,Mexico,Smart TV,2022-10,1,False
1399,Premium,Spain,Smart TV,2022-10,4,False
1400,Basic,Italy,Laptop,2022-10,244,True
1401,Premium,Spain,Smart TV,2022-10,2,False
1402,Basic,Spain,Laptop,2022-10,104,True
1403,Standard,United States,Laptop,2022-10,2,False
1404,Standard,Canada,Tablet,2022-10,237,True
1405,Basic,United States,Smart TV,2022-10,176,True
1406,Premium,United States,Smart TV,2022-10,27,False
1407,Basic,Canada,Smart TV,2022-10,0,False
1408,Standard,United Kingdom,Smart TV,2022-11,5,False
1409,Premium,Australia,Tablet,2022-11,7,False
1410,Basic,Germany,Tablet,2022-11,73,True
1411,Premium,France,Smart TV,2022-11,173,True
1412,Basic,Brazil,Laptop,2022-11,14,False
1413,Standard,Mexico,Smartphone,2022-11,0,False
1414,Standard,Spain,Tablet,2022-11,6,False
1415,Basic,Italy,Smart TV,2022-10,96,True
1416,Premium,Spain,Smart TV,2022-10,11,False
1417,Basic,Spain,Tablet,2022-09,216,True
1418,Standard,United States,Smart TV,2022-09,7,False
1419,Premium,Canada,Smartphone,2022-09,35,True
1420,Basic,United States,Smartphone,2022-08,161,True
1421,Basic,United States,Smart TV,2022-08,18,False
1422,Basic,Canada,Laptop,2022-08,235,True
1423,Standard,United Kingdom,Smart TV,2022-08,32,True
1424,Premium,Australia,Laptop,2022-08,40,True
1425,Basic,Germany,Smartphone,2022-07,4,False
1426,Basic,France,Smart TV,2022-07,24,False
1427,Premium,Brazil,Tablet,2022-07,7,False
1428,Standard,Mexico,Smart TV,2022-07,7,False
1429,Standard,Spain,Laptop,2022-07,343,True
1430,Basic,Italy,Smart TV,2022-07,11,False
1431,Premium,Spain,Laptop,2022-07,351,True
1432,Standard,Spain,Smartphone,2022-07,81,True
1433,Basic,United States,Tablet,2022-07,15,False
1434,Standard,Canada,Laptop,2022-07,336,True
1435,Premium,United States,Smartphone,2022-06,1,False
1436,Basic,United States,Smart TV,2022-06,0,False
1437,Premium,Canada,Laptop,2022-06,302,True
1438,Standard,United Kingdom,Smartphone,2022-06,11,False
1439,Basic,Australia,Laptop,2022-06,92,True
1440,Standard,Germany,Smart TV,2022-06,206,True
1441,Premium,France,Tablet,2022-06,212,True
1442,Basic,Brazil,Smart TV,2022-06,89,True
1443,Standard,Mexico,Laptop,2022-06,0,False
1444,Premium,Spain,Tablet,2022-06,293,True
1445,Basic,Italy,Smartphone,2022-07,15,False
1446,Premium,Spain,Tablet,2022-07,199,True
1447,Basic,Spain,Tablet,2022-07,5,False
1448,Standard,United States,Laptop,2022-07,2,False
1449,Standard,Canada,Laptop,2022-07,268,True
1450,Basic,United States,Smartphone,2022-07,2,False
1451,Premium,United States,Tablet,2022-08,170,True
1452,Basic,Canada,Smart TV,2022-08,261,True
1453,Standard,United Kingdom,Smartphone,2022-08,0,False
1454,Premium,Australia,Smartphone,2022-08,256,True
1455,Basic,Germany,Smart TV,2022-08,252,True
1456,Premium,France,Laptop,2022-08,28,False
1457,Basic,Brazil,Laptop,2022-08,4,False
1458,Standard,Mexico,Tablet,2022-09,12,False
1459,Standard,Spain,Laptop,2022-09,5,False
1460,Basic,Italy,Smart TV,2022-09,1,False
1461,Premium,Spain,Smart TV,2022-09,0,False
1462,Basic,Spain,Smartphone,2022-09,3,False
1463,Standard,United States,Smart TV,2022-10,257,True
1464,Premium,Canada,Laptop,2022-10,5,False
1465,Basic,United States,Laptop,2022-10,265,True
1466,Premium,United States,Smart TV,2022-10,252,True
1467,Basic,Canada,Smartphone,2022-10,195,True
1468,Standard,United Kingdom,Laptop,2022-10,188,True
1469,Standard,Australia,Smart TV,2022-10,11,False
1470,Basic,Germany,Tablet,2022-10,0,False
1471,Premium,France,Smartphone,2022-10,7,False
1472,Basic,Brazil,Laptop,2022-10,2,False
1473,Standard,Mexico,Smartphone,2022-10,8,False
1474,Premium,Spain,Laptop,2022-10,3,False
1475,Basic,Italy,Laptop,2022-10,85,True
1476,Premium,Spain,Tablet,2022-10,2,False
1477,Basic,Spain,Smart TV,2022-11,24,False
1478,Standard,United States,Smart TV,2022-11,223,True
1479,Standard,Canada,Smart TV,2022-11,1,False
1480,Basic,United States,Laptop,2022-11,225,True
1481,Premium,United States,Laptop,2022-11,23,False
1482,Basic,Canada,Smartphone,2022-11,5,False
1483,Standard,United Kingdom,Smart TV,2022-11,10,False
1484,Premium,Australia,Smart TV,2022-10,12,False
1485,Basic,Germany,Laptop,2022-10,235,True
1486,Premium,France,Smartphone,2022-10,244,True
1487,Basic,Brazil,Smartphone,2022-10,19,False
1488,Standard,Mexico,Smart TV,2022-09,0,False
1489,Standard,Spain,Smart TV,2022-09,147,True
1490,Basic,Italy,Smartphone,2022-09,10,False
1491,Premium,Spain,Laptop,2022-09,31,True
1492,Basic,Spain,Laptop,2022-09,9,False
1493,Standard,United States,Laptop,2022-08,255,True
1494,Premium,Canada,Smartphone,2022-08,316,True
1495,Basic,United States,Tablet,2022-08,23,False
1496,Basic,United States,Tablet,2022-07,170,True
1497,Basic,Canada,Smart TV,2022-07,56,True
1498,Standard,United Kingdom,Smartphone,2022-07,71,True
1499,Premium,Australia,Smart TV,2022-07,287,True
1500,Basic,Germany,Tablet,2022-07,193,True
1501,Basic,France,Smart TV,2022-07,198,True
1502,Premium,Brazil,Laptop,2022-07,1,False
1503,Standard,Mexico,Laptop,2022-07,288,True
1504,Standard,Spain,Smart TV,2022-06,353,True
1505,Basic,Italy,Laptop,2022-06,17,False
1506,Premium,Spain,Smartphone,2022-06,0,False
1507,Standard,Spain,Tablet,2022-06,357,True
1508,Basic,United States,Laptop,2022-06,88,True
1509,Standard,Canada,Smartphone,2022-06,8,False
1510,Premium,United States,Smart TV,2022-06,295,True
1511,Basic,United States,Smart TV,2022-06,89,True
1512,Premium,Canada,Smart TV,2022-06,4,False
1513,Standard,United Kingdom,Smartphone,2022-06,99,True
1514,Basic,Australia,Smartphone,2022-07,24,False
1515,Standard,Germany,Smart TV,2022-07,1,False
1516,Premium,France,Laptop,2022-07,8,False
1517,Basic,Brazil,Smart TV,2022-07,11,False
1518,Standard,Mexico,Smart TV,2022-07,63,True
1519,Premium,Spain,Tablet,2022-07,54,True
1520,Basic,Italy,Smartphone,2022-07,1,False
1521,Premium,Spain,Tablet,2022-08,12,False
1522,Basic,Spain,Laptop,2022-08,164,True
1523,Standard,United States,Smart TV,2022-08,252,True
1524,Standard,Canada,Smartphone,2022-08,316,True
1525,Basic,United States,Tablet,2022-08,147,True
1526,Premium,United States,Tablet,2022-08,4,False
1527,Basic,Canada,Smart TV,2022-09,1,False
1528,Standard,United Kingdom,Smart TV,2022-09,0,False
1529,Premium,Australia,Laptop,2022-09,224,True
1530,Basic,Germany,Smartphone,2022-09,19,False
1531,Premium,France,Tablet,2022-09,125,True
1532,Basic,Brazil,Tablet,2022-09,1,False
1533,Standard,Mexico,Tablet,2022-09,2,False
1534,Standard,Spain,Tablet,2022-10,1,False
1535,Basic,Italy,Smart TV,2022-10,9,False
1536,Premium,Spain,Laptop,2022-10,8,False
1537,Basic,Spain,Tablet,2022-10,1,False
1538,Standard,United States,Smart TV,2022-10,6,False
1539,Premium,Canada,Laptop,2022-10,9,False
1540,Basic,United States,Laptop,2022-10,2,False
1541,Premium,United States,Smartphone,2022-10,111,True
1542,Basic,Canada,Smart TV,2022-10,2,False
1543,Standard,United Kingdom,Laptop,2022-10,1,False
1544,Standard,Australia,Tablet,2022-10,238,True
1545,Basic,Germany,Laptop,2022-10,3,False
1546,Premium,France,Smart TV,2022-10,170,True
1547,Basic,Brazil,Smartphone,2022-11,76,True
1548,Standard,Mexico,Tablet,2022-11,1,False
1549,Premium,Spain,Tablet,2022-11,2,False
1550,Basic,Italy,Smart TV,2022-11,37,True
1551,Premium,Spain,Tablet,2022-11,7,False
1552,Basic,Spain,Tablet,2022-11,7,False
1553,Standard,United States,Tablet,2022-11,166,True
1554,Standard,Canada,Laptop,2022-10,5,False
1555,Basic,United States,Smartphone,2022-10,3,False
1556,Premium,United States,Smartphone,2022-10,7,False
1557,Basic,Canada,Smart TV,2022-09,1,False
1558,Standard,United Kingdom,Smartphone,2022-09,8,False
1559,Premium,Australia,Tablet,2022-09,125,True
1560,Basic,Germany,Smart TV,2022-09,9,False
1561,Premium,France,Laptop,2022-09,11,False
1562,Basic,Brazil,Smartphone,2022-08,231,True
1563,Standard,Mexico,Laptop,2022-08,147,True
1564,Standard,Spain,Tablet,2022-08,3,False
1565,Basic,Italy,Smart TV,2022-08,3,False
1566,Premium,Spain,Laptop,2022-08,49,True
1567,Basic,Spain,Smartphone,2022-07,11,False
1568,Standard,United States,Smart TV,2022-07,276,True
1569,Premium,Canada,Tablet,2022-07,281,True
1570,Basic,United States,Tablet,2022-07,6,False
1571,Basic,United States,Tablet,2022-07,8,False
1572,Basic,Canada,Laptop,2022-07,2,False
1573,Standard,United Kingdom,Smart TV,2022-07,84,True
1574,Premium,Australia,Smart TV,2022-07,80,True
1575,Basic,Germany,Laptop,2022-07,13,False
1576,Basic,France,Smartphone,2022-07,10,False
1577,Premium,Brazil,Tablet,2022-07,0,False
1578,Standard,Mexico,Laptop,2022-06,17,False
1579,Standard,Spain,Smart TV,2022-06,1,False
1580,Basic,Italy,Smart TV,2022-06,6,False
1581,Premium,Spain,Smart TV,2022-06,6,False
1582,Standard,Spain,Smart TV,2022-06,0,False
1583,Basic,United States,Tablet,2022-06,111,True
1584,Standard,Canada,Tablet,2022-07,311,True
1585,Premium,United States,Laptop,2022-07,201,True
1586,Basic,United States,Tablet,2022-07,190,True
1587,Premium,Canada,Tablet,2022-07,7,False
1588,Standard,United Kingdom,Tablet,2022-07,328,True
1589,Basic,Australia,Tablet,2022-07,4,False
1590,Standard,Germany,Smart TV,2022-08,53,True
1591,Premium,France,Laptop,2022-08,41,True
1592,Basic,Brazil,Tablet,2022-08,12,False
1593,Standard,Mexico,Smartphone,2022-08,308,True
1594,Premium,Spain,Tablet,2022-08,15,False
1595,Basic,Italy,Tablet,2022-08,245,True
1596,Premium,Spain,Laptop,2022-08,9,False
1597,Basic,Spain,Smart TV,2022-09,225,True
1598,Standard,United States,Laptop,2022-09,1,False
1599,Standard,Canada,Smart TV,2022-09,5,False
1600,Basic,United States,Tablet,2022-09,7,False
1601,Premium,United States,Smartphone,2022-09,2,False
1602,Basic,Canada,Smart TV,2022-09,20,False
1603,Standard,United Kingdom,Smartphone,2022-09,264,True
1604,Premium,Australia,Smartphone,2022-09,10,False
1605,Basic,Germany,Laptop,2022-10,14,False
1606,Premium,France,Smartphone,2022-10,194,True
1607,Basic,Brazil,Smartphone,2022-10,8,False
1608,Standard,Mexico,Smart TV,2022-10,5,False
1609,Standard,Spain,Smart TV,2022-10,6,False
1610,Basic,Italy,Smart TV,2022-10,91,True
1611,Premium,Spain,Laptop,2022-10,9,False
1612,Basic,Spain,Smartphone,2022-10,1,False
1613,Standard,United States,Smartphone,2022-10,85,True
1614,Premium,Canada,Tablet,2022-10,1,False
1615,Basic,United States,Smart TV,2022-10,181,True
1616,Premium,United States,Laptop,2022-11,0,False
1617,Basic,Canada,Tablet,2022-11,197,True
1618,Standard,United Kingdom,Smart TV,2022-11,0,False
1619,Standard,Australia,Laptop,2022-11,0,False
1620,Basic,Germany,Smartphone,2022-11,1,False
1621,Premium,France,Laptop,2022-11,3,False
1622,Basic,Brazil,Smart TV,2022-11,9,False
1623,Standard,Mexico,Laptop,2022-11,14,False
1624,Premium,Spain,Smartphone,2022-10,0,False
1625,Basic,Italy,Smart TV,2022-10,2,False
1626,Premium,Spain,Smart TV,2022-10,2,False
1627,Basic,Spain,Smartphone,2022-10,2,False
1628,Standard,United States,Laptop,2022-09,275,True
1629,Standard,Canada,Smart TV,2022-09,17,False
1630,Basic,United States,Smart TV,2022-09,223,True
1631,Premium,United States,Laptop,2022-09,284,True
1632,Basic,Canada,Laptop,2022-09,2,False
1633,Standard,United Kingdom,Tablet,2022-08,8,False
1634,Premium,Australia,Smart TV,2022-08,49,True
1635,Basic,Germany,Tablet,2022-08,269,True
1636,Premium,France,Smart TV,2022-08,1,False
1637,Basic,Brazil,Laptop,2022-07,328,True
1638,Standard,Mexico,Tablet,2022-07,64,True
1639,Standard,Spain,Laptop,2022-07,74,True
1640,Basic,Italy,Smart TV,2022-07,62,True
1641,Premium,Spain,Tablet,2022-07,1,False
1642,Basic,Spain,Tablet,2022-07,278,True
1643,Standard,United States,Tablet,2022-07,1,False
1644,Premium,Canada,Smartphone,2022-07,0,False
1645,Basic,United States,Laptop,2022-07,11,False
1646,Basic,United States,Tablet,2022-07,14,False
1647,Basic,Canada,Laptop,2022-07,287,True
1648,Standard,United Kingdom,Smartphone,2022-06,297,True
1649,Premium,Australia,Tablet,2022-06,3,False
1650,Basic,Germany,Tablet,2022-06,292,True
1651,Basic,France,Smart TV,2022-06,305,True
1652,Premium,Brazil,Tablet,2022-06,97,True
1653,Standard,Mexico,Smartphone,2022-07,350,True
1654,Standard,Spain,Tablet,2022-07,11,False
1655,Basic,Italy,Tablet,2022-07,289,True
1656,Premium,Spain,Smartphone,2022-07,2,False
1657,Standard,Spain,Smartphone,2022-07,7,False
1658,Basic,United States,Laptop,2022-07,203,True
1659,Standard,Canada,Smartphone,2022-07,63,True
1660,Premium,United States,Tablet,2022-08,6,False
1661,Basic,United States,Laptop,2022-08,1,False
1662,Premium,Canada,Smartphone,2022-08,22,False
1663,Standard,United Kingdom,Smartphone,2022-08,7,False
1664,Basic,Australia,Laptop,2022-08,149,True
1665,Standard,Germany,Smartphone,2022-08,295,True
1666,Premium,France,Laptop,2022-08,9,False
1667,Basic,Brazil,Tablet,2022-09,11,False
1668,Standard,Mexico,Tablet,2022-09,141,True
1669,Premium,Spain,Tablet,2022-09,10,False
1670,Basic,Italy,Tablet,2022-09,3,False
1671,Premium,Spain,Smartphone,2022-09,276,True
1672,Basic,Spain,Tablet,2022-09,1,False
1673,Standard,United States,Tablet,2022-09,7,False
1674,Standard,Canada,Smart TV,2022-10,107,True
1675,Basic,United States,Laptop,2022-10,0,False
1676,Premium,United States,Laptop,2022-10,106,True
1677,Basic,Canada,Tablet,2022-10,248,True
1678,Standard,United Kingdom,Smart TV,2022-10,7,False
1679,Premium,Australia,Tablet,2022-10,182,True
1680,Basic,Germany,Laptop,2022-10,2,False
1681,Premium,France,Smart TV,2022-10,6,False
1682,Basic,Brazil,Laptop,2022-10,9,False
1683,Standard,Mexico,Laptop,2022-10,13,False
1684,Standard,Spain,Smartphone,2022-10,8,False
1685,Basic,Italy,Laptop,2022-10,230,True
1686,Premium,Spain,Laptop,2022-11,0,False
1687,Basic,Spain,Smartphone,2022-11,168,True
1688,Standard,United States,Tablet,2022-11,2,False
1689,Premium,Canada,Tablet,2022-11,73,True
1690,Basic,United States,Laptop,2022-11,7,False
1691,Premium,United States,Smart TV,2022-11,4,False
1692,Basic,Canada,Tablet,2022-11,17,False
1693,Standard,United Kingdom,Tablet,2022-11,15,False
1694,Standard,Australia,Laptop,2022-10,88,True
1695,Basic,Germany,Smartphone,2022-10,2,False
1696,Premium,France,Laptop,2022-10,92,True
1697,Basic,Brazil,Tablet,2022-10,11,False
1698,Standard,Mexico,Tablet,2022-09,271,True
1699,Premium,Spain,Laptop,2022-09,3,False
1700,Basic,Italy,Smart TV,2022-09,284,True
1701,Premium,Spain,Smart TV,2022-09,230,True
1702,Basic,Spain,Smartphone,2022-09,24,False
1703,Standard,United States,Smart TV,2022-09,4,False
1704,Standard,Canada,Laptop,2022-08,22,False
1705,Basic,United States,Tablet,2022-08,153,True
1706,Premium,United States,Laptop,2022-07,2,False
1707,Basic,Canada,Smartphone,2022-07,2,False
1708,Standard,United Kingdom,Smartphone,2022-07,5,False
1709,Premium,Australia,Smartphone,2022-07,3,False
1710,Basic,Germany,Smart TV,2022-07,4,False
1711,Premium,France,Smartphone,2022-07,278,True
1712,Basic,Brazil,Smartphone,2022-07,283,True
1713,Standard,Mexico,Tablet,2022-07,4,False
1714,Standard,Spain,Tablet,2022-07,71,True
1715,Basic,Italy,Laptop,2022-07,281,True
1716,Premium,Spain,Smart TV,2022-07,5,False
1717,Basic,Spain,Smartphone,2022-07,5,False
1718,Standard,United States,Tablet,2022-06,6,False
1719,Premium,Canada,Laptop,2022-06,16,False
1720,Basic,United States,Tablet,2022-06,13,False
1721,Basic,United States,Tablet,2022-06,297,True
1722,Basic,Canada,Tablet,2022-07,352,True
1723,Standard,United Kingdom,Smart TV,2022-07,8,False
1724,Premium,Australia,Laptop,2022-07,286,True
1725,Basic,Germany,Smartphone,2022-07,287,True
1726,Basic,France,Laptop,2022-07,60,True
1727,Premium,Brazil,Smartphone,2022-07,3,False
1728,Standard,Mexico,Smartphone,2022-07,7,False
1729,Standard,Spain,Laptop,2022-07,273,True
1730,Basic,Italy,Smartphone,2022-08,18,False
1731,Premium,Spain,Tablet,2022-08,41,True
1732,Standard,Spain,Smartphone,2022-08,38,True
1733,Basic,United States,Tablet,2022-08,36,True
1734,Standard,Canada,Tablet,2022-08,163,True
1735,Premium,United States,Smartphone,2022-08,2,False
1736,Basic,United States,Smartphone,2022-09,136,True
1737,Premium,Canada,Laptop,2022-09,16,False
1738,Standard,United Kingdom,Smartphone,2022-09,220,True
1739,Basic,Australia,Smartphone,2022-09,141,True
1740,Standard,Germany,Laptop,2022-09,277,True
1741,Premium,France,Smartphone,2022-09,128,True
1742,Basic,Brazil,Laptop,2022-09,120,True
1743,Standard,Mexico,Tablet,2022-09,15,False
1744,Premium,Spain,Smart TV,2022-10,122,True
1745,Basic,Italy,Tablet,2022-10,17,False
1746,Premium,Spain,Smart TV,2022-10,205,True
1747,Basic,Spain,Laptop,2022-10,96,True
1748,Standard,United States,Smartphone,2022-10,6,False
1749,Standard,Canada,Laptop,2022-10,96,True
1750,Basic,United States,Smartphone,2022-10,1,False
1751,Premium,United States,Tablet,2022-10,2,False
1752,Basic,Canada,Laptop,2022-10,86,True
1753,Standard,United Kingdom,Laptop,2022-10,94,True
1754,Premium,Australia,Smart TV,2022-10,178,True
1755,Basic,Germany,Laptop,2022-10,170,True
1756,Premium,France,Tablet,2022-11,19,False
1757,Basic,Brazil,Laptop,2022-11,164,True
1758,Standard,Mexico,Laptop,2022-11,74,True
1759,Standard,Spain,Smart TV,2022-11,72,True
1760,Basic,Italy,Tablet,2022-11,4,False
1761,Premium,Spain,Smart TV,2022-11,160,True
1762,Basic,Spain,Smartphone,2022-11,2,False
1763,Standard,United States,Smartphone,2022-11,12,False
1764,Premium,Canada,Tablet,2022-10,1,False
1765,Basic,United States,Tablet,2022-10,9,False
1766,Premium,United States,Smart TV,2022-10,2,False
1767,Basic,Canada,Tablet,2022-10,112,True
1768,Standard,United Kingdom,Tablet,2022-09,5,False
1769,Standard,Australia,Laptop,2022-09,145,True
1770,Basic,Germany,Tablet,2022-09,279,True
1771,Premium,France,Laptop,2022-09,221,True
1772,Basic,Brazil,Smart TV,2022-09,281,True
1773,Standard,Mexico,Tablet,2022-09,230,True
1774,Premium,Spain,Tablet,2022-09,15,False
1775,Basic,Italy,Tablet,2022-08,258,True
1776,Premium,Spain,Smart TV,2022-08,0,False
1777,Basic,Spain,Tablet,2022-08,171,True
1778,Standard,United States,Tablet,2022-07,270,True
1779,Standard,Canada,Smartphone,2022-07,215,True
1780,Basic,United States,Smart TV,2022-07,328,True
1781,Premium,United States,Laptop,2022-07,285,True
1782,Basic,Canada,Laptop,2022-07,3,False
1783,Standard,United Kingdom,Smartphone,2022-07,283,True
1784,Premium,Australia,Tablet,2022-07,5,False
1785,Basic,Germany,Tablet,2022-07,7,False
1786,Premium,France,Laptop,2022-07,70,True
1787,Basic,Brazil,Laptop,2022-07,7,False
1788,Standard,Mexico,Smart TV,2022-07,24,False
1789,Standard,Spain,Tablet,2022-06,7,False
1790,Basic,Italy,Smart TV,2022-06,207,True
1791,Premium,Spain,Laptop,2022-07,3,False
1792,Basic,Spain,Tablet,2022-07,1,False
1793,Standard,United States,Smart TV,2022-07,81,True
1794,Premium,Canada,Tablet,2022-07,6,False
1795,Basic,United States,Smart TV,2022-07,200,True
1796,Basic,United States,Tablet,2022-07,9,False
1797,Basic,Canada,Smart TV,2022-07,232,True
1798,Standard,United Kingdom,Smartphone,2022-07,70,True
1799,Premium,Australia,Tablet,2022-08,6,False
1800,Basic,Germany,Tablet,2022-08,37,True
1801,Basic,France,Tablet,2022-08,2,False
1802,Premium,Brazil,Smartphone,2022-08,6,False
1803,Standard,Mexico,Smart TV,2022-08,5,False
1804,Standard,Spain,Laptop,2022-08,149,True
1805,Basic,Italy,Smart TV,2022-09,229,True
1806,Premium,Spain,Laptop,2022-09,4,False
1807,Standard,Spain,Smartphone,2022-09,3,False
1808,Basic,United States,Laptop,2022-09,9,False
1809,Standard,Canada,Tablet,2022-09,272,True
1810,Premium,United States,Laptop,2022-09,25,False
1811,Basic,United States,Smart TV,2022-09,2,False
1812,Premium,Canada,Smartphone,2022-09,113,True
1813,Standard,United Kingdom,Smartphone,2022-09,259,True
1814,Basic,Australia,Smartphone,2022-10,0,False
1815,Standard,Germany,Tablet,2022-10,9,False
1816,Premium,France,Laptop,2022-10,5,False
1817,Basic,Brazil,Smartphone,2022-10,2,False
1818,Standard,Mexico,Smart TV,2022-10,0,False
1819,Premium,Spain,Tablet,2022-10,90,True
1820,Basic,Italy,Smart TV,2022-10,93,True
1821,Premium,Spain,Smartphone,2022-10,178,True
1822,Basic,Spain,Tablet,2022-10,3,False
1823,Standard,United States,Tablet,2022-10,14,False
1824,Standard,Canada,Laptop,2022-10,82,True
1825,Basic,United States,Smart TV,2022-11,8,False
1826,Premium,United States,Tablet,2022-11,0,False
1827,Basic,Canada,Laptop,2022-11,11,False
1828,Standard,United Kingdom,Laptop,2022-11,18,False
1829,Premium,Australia,Tablet,2022-11,25,False
1830,Basic,Germany,Smartphone,2022-11,6,False
1831,Premium,France,Laptop,2022-11,7,False
1832,Basic,Brazil,Smartphone,2022-11,167,True
1833,Standard,Mexico,Smartphone,2022-11,1,False
1834,Standard,Spain,Smart TV,2022-11,0,False
1835,Basic,Italy,Tablet,2022-10,179,True
1836,Premium,Spain,Smart TV,2022-10,23,False
1837,Basic,Spain,Smartphone,2022-10,207,True
1838,Standard,United States,Smartphone,2022-09,205,True
1839,Premium,Canada,Smart TV,2022-09,17,False
1840,Basic,United States,Laptop,2022-09,2,False
1841,Premium,United States,Tablet,2022-09,20,False
1842,Basic,Canada,Smartphone,2022-09,240,True
1843,Standard,United Kingdom,Laptop,2022-09,11,False
1844,Standard,Australia,Smart TV,2022-09,9,False
1845,Basic,Germany,Smartphone,2022-08,309,True
1846,Premium,France,Smartphone,2022-08,310,True
1847,Basic,Brazil,Smartphone,2022-08,168,True
1848,Standard,Mexico,Laptop,2022-08,6,False
1849,Premium,Spain,Smartphone,2022-07,53,True
1850,Basic,Italy,Smartphone,2022-07,263,True
1851,Premium,Spain,Laptop,2022-07,3,False
1852,Basic,Spain,Tablet,2022-07,2,False
1853,Standard,United States,Laptop,2022-07,184,True
1854,Standard,Canada,Laptop,2022-07,198,True
1855,Basic,United States,Smartphone,2022-07,0,False
1856,Premium,United States,Smartphone,2022-07,24,False
1857,Basic,Canada,Smart TV,2022-07,286,True
1858,Standard,United Kingdom,Smart TV,2022-07,197,True
1859,Premium,Australia,Laptop,2022-07,287,True
1860,Basic,Germany,Laptop,2022-07,90,True
1861,Premium,France,Laptop,2022-07,199,True
1862,Basic,Brazil,Tablet,2022-07,85,True
1863,Standard,Mexico,Smartphone,2022-07,296,True
1864,Standard,Spain,Smartphone,2022-07,287,True
1865,Basic,Italy,Smartphone,2022-07,1,False
1866,Premium,Spain,Laptop,2022-07,283,True
1867,Basic,Spain,Tablet,2022-07,6,False
1868,Standard,United States,Tablet,2022-08,59,True
1869,Premium,Canada,Smart TV,2022-08,1,False
1870,Basic,United States,Tablet,2022-08,18,False
1871,Basic,United States,Smart TV,2022-08,259,True
1872,Basic,Canada,Smartphone,2022-08,256,True
1873,Standard,United Kingdom,Smartphone,2022-08,14,False
1874,Premium,Australia,Smartphone,2022-08,36,True
1875,Basic,Germany,Smart TV,2022-08,142,True
1876,Basic,France,Tablet,2022-09,6,False
1877,Premium,Brazil,Smartphone,2022-09,5,False
1878,Standard,Mexico,Tablet,2022-09,10,False
1879,Standard,Spain,Smart TV,2022-09,8,False
1880,Basic,Italy,Smart TV,2022-09,213,True
1881,Premium,Spain,Tablet,2022-09,212,True
1882,Standard,Spain,Smartphone,2022-09,8,False
1883,Basic,United States,Tablet,2022-10,218,True
1884,Standard,Canada,Tablet,2022-10,13,False
1885,Premium,United States,Tablet,2022-10,1,False
1886,Basic,United States,Smart TV,2022-10,102,True
1887,Premium,Canada,Smart TV,2022-10,95,True
1888,Standard,United Kingdom,Laptop,2022-10,198,True
1889,Basic,Australia,Laptop,2022-10,88,True
1890,Standard,Germany,Laptop,2022-10,9,False
1891,Premium,France,Tablet,2022-10,0,False
1892,Basic,Brazil,Smartphone,2022-10,234,True
1893,Standard,Mexico,Smartphone,2022-10,238,True
1894,Premium,Spain,Tablet,2022-10,3,False
1895,Basic,Italy,Laptop,2022-11,5,False
1896,Premium,Spain,Laptop,2022-11,3,False
1897,Basic,Spain,Smartphone,2022-11,3,False
1898,Standard,United States,Tablet,2022-11,28,False
1899,Standard,Canada,Smartphone,2022-11,230,True
1900,Basic,United States,Smartphone,2022-11,0,False
1901,Premium,United States,Tablet,2022-11,76,True
1902,Basic,Canada,Smart TV,2022-11,230,True
1903,Standard,United Kingdom,Smart TV,2022-11,234,True
1904,Premium,Australia,Smartphone,2022-11,0,False
1905,Basic,Germany,Tablet,2022-10,1,False
1906,Premium,France,Tablet,2022-10,81,True
1907,Basic,Brazil,Smartphone,2022-09,111,True
1908,Standard,Mexico,Smartphone,2022-09,271,True
1909,Standard,Spain,Smart TV,2022-09,5,False
1910,Basic,Italy,Smartphone,2022-09,14,False
1911,Premium,Spain,Smart TV,2022-09,19,False
1912,Basic,Spain,Laptop,2022-09,8,False
1913,Standard,United States,Tablet,2022-09,7,False
1914,Premium,Canada,Tablet,2022-09,146,True
1915,Basic,United States,Smartphone,2022-09,227,True
1916,Premium,United States,Tablet,2022-08,4,False
1917,Basic,Canada,Tablet,2022-08,308,True
1918,Standard,United Kingdom,Smartphone,2022-08,253,True
1919,Standard,Australia,Smart TV,2022-08,0,False
1920,Basic,Germany,Laptop,2022-08,258,True
1921,Premium,France,Laptop,2022-07,1,False
1922,Basic,Brazil,Tablet,2022-07,4,False
1923,Standard,Mexico,Smartphone,2022-07,2,False
1924,Premium,Spain,Laptop,2022-07,76,True
1925,Basic,Italy,Smart TV,2022-07,7,False
1926,Premium,Spain,Tablet,2022-07,8,False
1927,Basic,Spain,Smart TV,2022-07,194,True
1928,Standard,United States,Smart TV,2022-07,294,True
1929,Standard,Canada,Smartphone,2022-07,206,True
1930,Basic,United States,Smart TV,2022-07,91,True
1931,Premium,United States,Tablet,2022-07,10,False
1932,Basic,Canada,Tablet,2022-07,14,False
1933,Standard,United Kingdom,Smart TV,2022-07,287,True
1934,Premium,Australia,Laptop,2022-07,0,False
1935,Basic,Germany,Tablet,2022-07,287,True
1936,Premium,France,Laptop,2022-07,9,False
1937,Basic,Brazil,Smart TV,2022-07,193,True
1938,Standard,Mexico,Smartphone,2022-07,3,False
1939,Standard,Spain,Tablet,2022-08,310,True
1940,Basic,Italy,Tablet,2022-08,3,False
1941,Premium,Spain,Smart TV,2022-08,58,True
1942,Basic,Spain,Smart TV,2022-08,32,True
1943,Standard,United States,Smart TV,2022-08,1,False
1944,Premium,Canada,Tablet,2022-08,3,False
1945,Basic,United States,Smart TV,2022-08,6,False
1946,Basic,United States,Smart TV,2022-09,1,False
1947,Basic,Canada,Smartphone,2022-09,7,False
1948,Standard,United Kingdom,Laptop,2022-09,220,True
1949,Premium,Australia,Smart TV,2022-09,221,True
1950,Basic,Germany,Laptop,2022-09,1,False
1951,Basic,France,Tablet,2022-09,207,True
1952,Premium,Brazil,Smartphone,2022-09,273,True
1953,Standard,Mexico,Smartphone,2022-10,39,True
1954,Standard,Spain,Laptop,2022-10,192,True
1955,Basic,Italy,Smartphone,2022-10,4,False
1956,Premium,Spain,Tablet,2022-10,190,True
1957,Standard,Spain,Smartphone,2022-10,2,False
1958,Basic,United States,Tablet,2022-10,19,False
1959,Standard,Canada,Smartphone,2022-10,2,False
1960,Premium,United States,Laptop,2022-10,4,False
1961,Basic,United States,Smartphone,2022-10,8,False
1962,Premium,Canada,Tablet,2022-10,172,True
1963,Standard,United Kingdom,Smart TV,2022-10,175,True
1964,Basic,Australia,Smart TV,2022-11,168,True
1965,Standard,Germany,Tablet,2022-11,75,True
1966,Premium,France,Tablet,2022-11,173,True
1967,Basic,Brazil,Laptop,2022-11,222,True
1968,Standard,Mexico,Tablet,2022-11,2,False
1969,Premium,Spain,Smartphone,2022-11,6,False
1970,Basic,Italy,Laptop,2022-11,10,False
1971,Premium,Spain,Laptop,2022-11,90,True
1972,Basic,Spain,Tablet,2022-11,158,True
1973,Standard,United States,Tablet,2022-11,70,True
1974,Standard,Canada,Smartphone,2022-11,6,False
1975,Basic,United States,Tablet,2022-11,4,False
1976,Premium,United States,Tablet,2022-10,2,False
1977,Basic,Canada,Smartphone,2022-10,0,False
1978,Standard,United Kingdom,Smart TV,2022-10,202,True
1979,Premium,Australia,Smartphone,2022-09,8,False
1980,Basic,Germany,Laptop,2022-09,9,False
1981,Premium,France,Smartphone,2022-09,1,False
1982,Basic,Brazil,Smartphone,2022-09,5,False
1983,Standard,Mexico,Tablet,2022-09,9,False
1984,Standard,Spain,Smartphone,2022-09,8,False
1985,Basic,Italy,Tablet,2022-09,143,True
1986,Premium,Spain,Smart TV,2022-08,9,False
1987,Basic,Spain,Smart TV,2022-08,254,True
1988,Standard,United States,Smartphone,2022-08,0,False
1989,Premium,Canada,Tablet,2022-08,169,True
1990,Basic,United States,Smart TV,2022-07,321,True
1991,Premium,United States,Laptop,2022-07,3,False
1992,Basic,Canada,Smartphone,2022-07,198,True
1993,Standard,United Kingdom,Tablet,2022-07,332,True
1994,Standard,Australia,Laptop,2022-07,67,True
1995,Basic,Germany,Tablet,2022-07,192,True
1996,Premium,France,Smart TV,2022-07,342,True
1997,Basic,Brazil,Smart TV,2022-07,70,True
1998,Standard,Mexico,Smart TV,2022-07,71,True
1999,Premium,Spain,Smart TV,2022-07,195,True
2000,Basic,Italy,Smart TV,2022-07,5,False
2001,Premium,Spain,Smart TV,2022-07,97,True
2002,Basic,Spain,Smartphone,2022-07,344,True
2003,Standard,United States,Tablet,2022-07,287,True
2004,Standard,Canada,Laptop,2022-07,12,False
2005,Basic,United States,Laptop,2022-07,337,True
2006,Premium,United States,Laptop,2022-07,189,True
2007,Basic,Canada,Smart TV,2022-07,334,True
2008,Standard,United Kingdom,Laptop,2022-07,54,True
2009,Premium,Australia,Laptop,2022-07,327,True
2010,Basic,Germany,Laptop,2022-08,80,True
2011,Premium,France,Tablet,2022-08,38,True
2012,Basic,Brazil,Smart TV,2022-08,154,True
2013,Standard,Mexico,Smart TV,2022-08,28,False
2014,Standard,Spain,Smart TV,2022-08,291,True
2015,Basic,Italy,Smartphone,2022-09,13,False
2016,Premium,Spain,Smart TV,2022-09,287,True
2017,Basic,Spain,Laptop,2022-09,10,False
2018,Standard,United States,Laptop,2022-09,131,True
2019,Premium,Canada,Laptop,2022-09,7,False
2020,Basic,United States,Tablet,2022-09,0,False
2021,Basic,United States,Laptop,2022-09,4,False
2022,Basic,Canada,Laptop,2022-10,200,True
2023,Standard,United Kingdom,Tablet,2022-10,1,False
2024,Premium,Australia,Laptop,2022-10,0,False
2025,Basic,Germany,Laptop,2022-10,1,False
2026,Basic,France,Smart TV,2022-10,4,False
2027,Premium,Brazil,Smart TV,2022-10,12,False
2028,Standard,Mexico,Smartphone,2022-10,244,True
2029,Standard,Spain,Smart TV,2022-10,10,False
2030,Basic,Italy,Tablet,2022-10,0,False
2031,Premium,Spain,Smart TV,2022-10,234,True
2032,Standard,Spain,Smart TV,2022-10,3,False
2033,Basic,United States,Smartphone,2022-10,16,False
2034,Standard,Canada,Laptop,2022-11,5,False
2035,Premium,United States,Smart TV,2022-11,3,False
2036,Basic,United States,Smartphone,2022-11,26,False
2037,Premium,Canada,Smart TV,2022-11,21,False
2038,Standard,United Kingdom,Smartphone,2022-11,74,True
2039,Basic,Australia,Laptop,2022-11,71,True
2040,Standard,Germany,Laptop,2022-11,165,True
2041,Premium,France,Smartphone,2022-11,6,False
2042,Basic,Brazil,Smartphone,2022-11,0,False
2043,Standard,Mexico,Smart TV,2022-11,166,True
2044,Premium,Spain,Smart TV,2022-11,82,True
2045,Basic,Italy,Laptop,2022-11,77,True
2046,Premium,Spain,Smartphone,2022-10,16,False
2047,Basic,Spain,Laptop,2022-10,237,True
2048,Standard,United States,Tablet,2022-10,181,True
2049,Standard,Canada,Tablet,2022-10,103,True
2050,Basic,United States,Smartphone,2022-10,7,False
2051,Premium,United States,Smartphone,2022-09,110,True
2052,Basic,Canada,Smart TV,2022-09,136,True
2053,Standard,United Kingdom,Laptop,2022-09,276,True
2054,Premium,Australia,Tablet,2022-09,20,False
2055,Basic,Germany,Laptop,2022-09,11,False
2056,Premium,France,Tablet,2022-08,149,True
2057,Basic,Brazil,Smartphone,2022-08,258,True
2058,Standard,Mexico,Smartphone,2022-08,48,True
2059,Standard,Spain,Laptop,2022-08,49,True
2060,Basic,Italy,Smart TV,2022-08,167,True
2061,Premium,Spain,Smart TV,2022-08,48,True
2062,Basic,Spain,Tablet,2022-07,278,True
2063,Standard,United States,Smartphone,2022-07,183,True
2064,Premium,Canada,Tablet,2022-07,331,True
2065,Basic,United States,Tablet,2022-07,2,False
2066,Premium,United States,Laptop,2022-07,69,True
2067,Basic,Canada,Laptop,2022-07,0,False
2068,Standard,United Kingdom,Laptop,2022-07,9,False
2069,Standard,Australia,Smart TV,2022-07,0,False
2070,Basic,Germany,Smartphone,2022-07,7,False
2071,Premium,France,Smartphone,2022-07,4,False
2072,Basic,Brazil,Laptop,2022-07,78,True
2073,Standard,Mexico,Tablet,2022-07,351,True
2074,Premium,Spain,Smartphone,2022-07,349,True
2075,Basic,Italy,Tablet,2022-07,22,False
2076,Premium,Spain,Laptop,2022-07,192,True
2077,Basic,Spain,Laptop,2022-07,333,True
2078,Standard,United States,Laptop,2022-07,65,True
2079,Standard,Canada,Smart TV,2022-07,11,False
2080,Basic,United States,Laptop,2022-08,2,False
2081,Premium,United States,Smart TV,2022-08,7,False
2082,Basic,Canada,Tablet,2022-08,6,False
2083,Standard,United Kingdom,Tablet,2022-08,5,False
2084,Premium,Australia,Smartphone,2022-09,152,True
2085,Basic,Germany,Laptop,2022-09,4,False
2086,Premium,France,Smart TV,2022-09,1,False
2087,Basic,Brazil,Tablet,2022-09,13,False
2088,Standard,Mexico,Tablet,2022-09,11,False
2089,Standard,Spain,Tablet,2022-09,121,True
2090,Basic,Italy,Tablet,2022-09,22,False
2091,Premium,Spain,Smartphone,2022-10,195,True
2092,Basic,Spain,Laptop,2022-10,199,True
2093,Standard,United States,Smart TV,2022-10,12,False
2094,Premium,Canada,Smart TV,2022-10,6,False
2095,Basic,United States,Smart TV,2022-10,0,False
2096,Basic,United States,Tablet,2022-10,2,False
2097,Basic,Canada,Tablet,2022-10,0,False
2098,Standard,United Kingdom,Tablet,2022-10,2,False
2099,Premium,Australia,Laptop,2022-10,10,False
2100,Basic,Germany,Smart TV,2022-10,244,True
2101,Basic,France,Tablet,2022-10,2,False
2102,Premium,Brazil,Smartphone,2022-10,236,True
2103,Standard,Mexico,Laptop,2022-11,11,False
2104,Standard,Spain,Tablet,2022-11,23,False
2105,Basic,Italy,Smartphone,2022-11,2,False
2106,Premium,Spain,Smartphone,2022-11,9,False
2107,Standard,Spain,Smart TV,2022-11,72,True
2108,Basic,United States,Smartphone,2022-11,69,True
2109,Standard,Canada,Tablet,2022-11,4,False
2110,Premium,United States,Smartphone,2022-11,162,True
2111,Basic,United States,Laptop,2022-11,71,True
2112,Premium,Canada,Smart TV,2022-11,3,False
2113,Standard,United Kingdom,Tablet,2022-11,221,True
2114,Basic,Australia,Tablet,2022-11,227,True
2115,Standard,Germany,Laptop,2022-11,3,False
2116,Premium,France,Tablet,2022-11,170,True
2117,Basic,Brazil,Laptop,2022-10,81,True
2118,Standard,Mexico,Smart TV,2022-10,2,False
2119,Premium,Spain,Laptop,2022-10,5,False
2120,Basic,Italy,Smart TV,2022-09,211,True
2121,Premium,Spain,Laptop,2022-09,137,True
2122,Basic,Spain,Smart TV,2022-09,119,True
2123,Standard,United States,Tablet,2022-09,127,True
2124,Standard,Canada,Laptop,2022-09,225,True
2125,Basic,United States,Smartphone,2022-09,8,False
2126,Premium,United States,Smartphone,2022-08,2,False
2127,Basic,Canada,Smartphone,2022-08,0,False
2128,Standard,United Kingdom,Tablet,2022-08,313,True
2129,Premium,Australia,Laptop,2022-08,318,True
2130,Basic,Germany,Tablet,2022-08,175,True
2131,Premium,France,Laptop,2022-07,4,False
2132,Basic,Brazil,Smart TV,2022-07,11,False
2133,Standard,Mexico,Laptop,2022-07,184,True
2134,Standard,Spain,Smart TV,2022-07,331,True
2135,Basic,Italy,Smartphone,2022-07,20,False
2136,Premium,Spain,Tablet,2022-07,7,False
2137,Basic,Spain,Tablet,2022-07,1,False
2138,Standard,United States,Smartphone,2022-07,87,True
2139,Premium,Canada,Smartphone,2022-07,76,True
2140,Basic,United States,Tablet,2022-07,6,False
2141,Premium,United States,Tablet,2022-07,4,False
2142,Basic,Canada,Smartphone,2022-07,282,True
2143,Standard,United Kingdom,Smartphone,2022-07,188,True
2144,Standard,Australia,Smartphone,2022-07,3,False
2145,Basic,Germany,Smart TV,2022-07,186,True
2146,Premium,France,Tablet,2022-07,0,False
2147,Basic,Brazil,Smartphone,2022-07,57,True
2148,Standard,Mexico,Tablet,2022-07,5,False
2149,Premium,Spain,Smart TV,2022-07,52,True
2150,Basic,Italy,Tablet,2022-08,322,True
2151,Premium,Spain,Smart TV,2022-08,7,False
2152,Basic,Spain,Laptop,2022-08,300,True
2153,Standard,United States,Tablet,2022-08,6,False
2154,Standard,Canada,Smart TV,2022-08,5,False
2155,Basic,United States,Smartphone,2022-09,6,False
2156,Premium,United States,Smart TV,2022-09,137,True
2157,Basic,Canada,Smart TV,2022-09,8,False
2158,Standard,United Kingdom,Smartphone,2022-09,0,False
2159,Premium,Australia,Tablet,2022-09,218,True
2160,Basic,Germany,Smartphone,2022-09,7,False
2161,Premium,France,Smartphone,2022-09,114,True
2162,Basic,Brazil,Tablet,2022-10,196,True
2163,Standard,Mexico,Smart TV,2022-10,191,True
2164,Standard,Spain,Smartphone,2022-10,0,False
2165,Basic,Italy,Laptop,2022-10,14,False
2166,Premium,Spain,Smartphone,2022-10,0,False
2167,Basic,Spain,Laptop,2022-10,3,False
2168,Standard,United States,Smart TV,2022-10,4,False
2169,Premium,Canada,Tablet,2022-10,89,True
2170,Basic,United States,Smart TV,2022-10,2,False
2171,Basic,United States,Tablet,2022-10,197,True
2172,Basic,Canada,Smart TV,2022-10,7,False
2173,Standard,United Kingdom,Smartphone,2022-10,8,False
2174,Premium,Australia,Smartphone,2022-11,164,True
2175,Basic,Germany,Laptop,2022-11,10,False
2176,Basic,France,Tablet,2022-11,0,False
2177,Premium,Brazil,Tablet,2022-11,10,False
2178,Standard,Mexico,Tablet,2022-11,1,False
2179,Standard,Spain,Smart TV,2022-11,2,False
2180,Basic,Italy,Smart TV,2022-11,180,True
2181,Premium,Spain,Laptop,2022-11,162,True
2182,Standard,Spain,Tablet,2022-11,167,True
2183,Basic,United States,Smart TV,2022-11,10,False
2184,Standard,Canada,Tablet,2022-11,72,True
2185,Premium,United States,Smart TV,2022-11,225,True
2186,Basic,United States,Smart TV,2022-10,7,False
2187,Premium,Canada,Tablet,2022-10,81,True
2188,Standard,United Kingdom,Laptop,2022-10,187,True
2189,Basic,Australia,Laptop,2022-10,107,True
2190,Standard,Germany,Tablet,2022-09,0,False
2191,Premium,France,Smartphone,2022-09,12,False
2192,Basic,Brazil,Smart TV,2022-09,14,False
2193,Standard,Mexico,Laptop,2022-09,1,False
2194,Premium,Spain,Smart TV,2022-09,9,False
2195,Basic,Italy,Smart TV,2022-08,36,True
2196,Premium,Spain,Smartphone,2022-08,9,False
2197,Basic,Spain,Smartphone,2022-08,161,True
2198,Standard,United States,Smart TV,2022-08,1,False
2199,Standard,Canada,Tablet,2022-08,42,True
2200,Basic,United States,Laptop,2022-07,260,True
2201,Premium,United States,Laptop,2022-07,182,True
2202,Basic,Canada,Tablet,2022-07,4,False
2203,Standard,United Kingdom,Smartphone,2022-07,72,True
2204,Premium,Australia,Smart TV,2022-07,268,True
2205,Basic,Germany,Smart TV,2022-07,273,True
2206,Premium,France,Smart TV,2022-07,11,False
2207,Basic,Brazil,Laptop,2022-07,0,False
2208,Standard,Mexico,Laptop,2022-07,201,True
2209,Standard,Spain,Tablet,2022-07,3,False
2210,Basic,Italy,Smartphone,2022-07,283,True
2211,Premium,Spain,Laptop,2022-07,338,True
2212,Basic,Spain,Smart TV,2022-07,1,False
2213,Standard,United States,Tablet,2022-07,9,False
2214,Premium,Canada,Tablet,2022-07,279,True
2215,Basic,United States,Smartphone,2022-07,6,False
2216,Premium,United States,Smart TV,2022-07,63,True
2217,Basic,Canada,Tablet,2022-07,178,True
2218,Standard,United Kingdom,Tablet,2022-07,2,False
2219,Standard,Australia,Laptop,2022-08,163,True
2220,Basic,Germany,Smartphone,2022-08,253,True
2221,Premium,France,Smart TV,2022-08,252,True
2222,Basic,Brazil,Smartphone,2022-08,0,False
2223,Standard,Mexico,Laptop,2022-08,36,True
2224,Premium,Spain,Tablet,2022-08,153,True
2225,Basic,Italy,Smart TV,2022-09,140,True
2226,Premium,Spain,Laptop,2022-09,22,False
2227,Basic,Spain,Laptop,2022-09,4,False
2228,Standard,United States,Tablet,2022-09,8,False
2229,Standard,Canada,Smartphone,2022-09,6,False
2230,Basic,United States,Laptop,2022-09,4,False
2231,Premium,United States,Smartphone,2022-10,9,False
2232,Basic,Canada,Laptop,2022-10,255,True
2233,Standard,United Kingdom,Smartphone,2022-10,1,False
2234,Premium,Australia,Tablet,2022-10,193,True
2235,Basic,Germany,Laptop,2022-10,3,False
2236,Premium,France,Smart TV,2022-10,1,False
2237,Basic,Brazil,Smart TV,2022-10,94,True
2238,Standard,Mexico,Smartphone,2022-10,6,False
2239,Standard,Spain,Smart TV,2022-10,15,False
2240,Basic,Italy,Laptop,2022-10,88,True
2241,Premium,Spain,Tablet,2022-10,94,True
2242,Basic,Spain,Smart TV,2022-10,19,False
2243,Standard,United States,Laptop,2022-11,165,True
2244,Premium,Canada,Smart TV,2022-11,3,False
2245,Basic,United States,Smart TV,2022-11,0,False
2246,Basic,United States,Smart TV,2022-11,14,False
2247,Basic,Canada,Tablet,2022-11,3,False
2248,Standard,United Kingdom,Tablet,2022-11,8,False
2249,Premium,Australia,Smartphone,2022-11,1,False
2250,Basic,Germany,Tablet,2022-11,1,False
2251,Basic,France,Laptop,2022-11,26,False
2252,Premium,Brazil,Tablet,2022-11,5,False
2253,Standard,Mexico,Laptop,2022-11,222,True
2254,Standard,Spain,Laptop,2022-11,77,True
2255,Basic,Italy,Laptop,2022-10,0,False
2256,Premium,Spain,Laptop,2022-10,224,True
2257,Standard,Spain,Laptop,2022-10,0,False
2258,Basic,United States,Laptop,2022-10,109,True
2259,Standard,Canada,Laptop,2022-10,2,False
2260,Premium,United States,Tablet,2022-10,109,True
2261,Basic,United States,Tablet,2022-09,3,False
2262,Premium,Canada,Smartphone,2022-09,10,False
2263,Standard,United Kingdom,Tablet,2022-09,270,True
2264,Basic,Australia,Smartphone,2022-09,28,False
2265,Standard,Germany,Tablet,2022-08,25,False
2266,Premium,France,Tablet,2022-08,244,True
2267,Basic,Brazil,Smartphone,2022-08,11,False
2268,Standard,Mexico,Smart TV,2022-08,1,False
2269,Premium,Spain,Smartphone,2022-08,266,True
2270,Basic,Italy,Smart TV,2022-07,41,True
2271,Premium,Spain,Laptop,2022-07,66,True
2272,Basic,Spain,Smart TV,2022-07,182,True
2273,Standard,United States,Smartphone,2022-07,179,True
2274,Standard,Canada,Tablet,2022-07,6,False
2275,Basic,United States,Smart TV,2022-07,68,True
2276,Premium,United States,Smartphone,2022-07,79,True
2277,Basic,Canada,Smart TV,2022-07,188,True
2278,Standard,United Kingdom,Tablet,2022-07,276,True
2279,Premium,Australia,Smart TV,2022-07,4,False
2280,Basic,Germany,Smart TV,2022-07,19,False
2281,Premium,France,Tablet,2022-07,285,True
2282,Basic,Brazil,Smartphone,2022-07,197,True
2283,Standard,Mexico,Smart TV,2022-07,274,True
2284,Standard,Spain,Smartphone,2022-07,332,True
2285,Basic,Italy,Smartphone,2022-07,346,True
2286,Premium,Spain,Laptop,2022-07,179,True
2287,Basic,Spain,Tablet,2022-07,175,True
2288,Standard,United States,Smartphone,2022-08,0,False
2289,Premium,Canada,Tablet,2022-08,4,False
2290,Basic,United States,Smartphone,2022-08,167,True
2291,Premium,United States,Laptop,2022-08,32,True
2292,Basic,Canada,Smart TV,2022-08,302,True
2293,Standard,United Kingdom,Tablet,2022-08,147,True
2294,Standard,Australia,Smartphone,2022-08,11,False
2295,Basic,Germany,Smart TV,2022-08,255,True
2296,Premium,France,Smartphone,2022-09,2,False
2297,Basic,Brazil,Laptop,2022-09,2,False
2298,Standard,Mexico,Tablet,2022-09,5,False
2299,Premium,Spain,Smartphone,2022-09,1,False
2300,Basic,Italy,Tablet,2022-09,4,False
2301,Premium,Spain,Laptop,2022-10,10,False
2302,Basic,Spain,Smartphone,2022-10,0,False
2303,Standard,United States,Laptop,2022-10,23,False
2304,Standard,Canada,Tablet,2022-10,2,False
2305,Basic,United States,Smartphone,2022-10,9,False
2306,Premium,United States,Smart TV,2022-10,31,True
2307,Basic,Canada,Smartphone,2022-10,90,True
2308,Standard,United Kingdom,Smart TV,2022-10,12,False
2309,Premium,Australia,Smartphone,2022-10,8,False
2310,Basic,Germany,Tablet,2022-10,179,True
2311,Premium,France,Smart TV,2022-10,87,True
2312,Basic,Brazil,Smartphone,2022-11,2,False
2313,Standard,Mexico,Tablet,2022-11,75,True
2314,Standard,Spain,Smart TV,2022-11,188,True
2315,Basic,Italy,Laptop,2022-11,10,False
2316,Premium,Spain,Tablet,2022-11,68,True
2317,Basic,Spain,Smart TV,2022-11,230,True
2318,Standard,United States,Smart TV,2022-11,12,False
2319,Premium,Canada,Smart TV,2022-11,17,False
2320,Basic,United States,Smart TV,2022-11,6,False
2321,Basic,United States,Smart TV,2022-11,221,True
2322,Basic,Canada,Smart TV,2022-11,65,True
2323,Standard,United Kingdom,Laptop,2022-11,174,True
2324,Premium,Australia,Smart TV,2022-11,3,False
2325,Basic,Germany,Laptop,2022-11,5,False
2326,Basic,France,Tablet,2022-11,2,False
2327,Premium,Brazil,Tablet,2022-10,2,False
2328,Standard,Mexico,Laptop,2022-10,1,False
2329,Standard,Spain,Smart TV,2022-10,1,False
2330,Basic,Italy,Smartphone,2022-10,18,False
2331,Premium,Spain,Smart TV,2022-10,27,False
2332,Standard,Spain,Smart TV,2022-10,14,False
2333,Basic,United States,Tablet,2022-09,0,False
2334,Standard,Canada,Smartphone,2022-09,2,False
2335,Premium,United States,Laptop,2022-09,143,True
2336,Basic,United States,Smartphone,2022-08,1,False
2337,Premium,Canada,Smartphone,2022-08,1,False
2338,Standard,United Kingdom,Tablet,2022-08,311,True
2339,Basic,Australia,Smartphone,2022-07,259,True
2340,Standard,Germany,Laptop,2022-07,2,False
2341,Premium,France,Tablet,2022-07,49,True
2342,Basic,Brazil,Smart TV,2022-07,320,True
2343,Standard,Mexico,Laptop,2022-07,177,True
2344,Premium,Spain,Tablet,2022-07,7,False
2345,Basic,Italy,Smartphone,2022-07,17,False
2346,Premium,Spain,Smartphone,2022-07,10,False
2347,Basic,Spain,Smart TV,2022-07,8,False
2348,Standard,United States,Smart TV,2022-07,8,False
2349,Standard,Canada,Tablet,2022-07,289,True
2350,Basic,United States,Laptop,2022-07,283,True
2351,Premium,United States,Smartphone,2022-07,19,False
2352,Basic,Canada,Smart TV,2022-07,8,False
2353,Standard,United Kingdom,Laptop,2022-07,275,True
2354,Premium,Australia,Smart TV,2022-07,273,True
2355,Basic,Germany,Laptop,2022-07,67,True
2356,Premium,France,Smartphone,2022-07,1,False
2357,Basic,Brazil,Smartphone,2022-07,8,False
2358,Standard,Mexico,Smartphone,2022-08,317,True
2359,Standard,Spain,Laptop,2022-08,252,True
2360,Basic,Italy,Tablet,2022-08,9,False
2361,Premium,Spain,Smartphone,2022-08,3,False
2362,Basic,Spain,Smartphone,2022-08,6,False
2363,Standard,United States,Smart TV,2022-08,255,True
2364,Premium,Canada,Smart TV,2022-08,6,False
2365,Basic,United States,Smartphone,2022-09,7,False
2366,Premium,United States,Smart TV,2022-09,280,True
2367,Basic,Canada,Tablet,2022-09,131,True
2368,Standard,United Kingdom,Laptop,2022-09,6,False
2369,Standard,Australia,Smartphone,2022-09,207,True
2370,Basic,Germany,Laptop,2022-09,3,False
2371,Premium,France,Smartphone,2022-10,0,False
2372,Basic,Brazil,Tablet,2022-10,12,False
2373,Standard,Mexico,Tablet,2022-10,218,True
2374,Premium,Spain,Tablet,2022-10,243,True
2375,Basic,Italy,Laptop,2022-10,90,True
2376,Premium,Spain,Smart TV,2022-10,3,False
2377,Basic,Spain,Tablet,2022-10,5,False
2378,Standard,United States,Smart TV,2022-10,2,False
2379,Standard,Canada,Smartphone,2022-10,3,False
2380,Basic,United States,Smartphone,2022-10,231,True
2381,Premium,United States,Laptop,2022-10,228,True
2382,Basic,Canada,Tablet,2022-11,3,False
2383,Standard,United Kingdom,Tablet,2022-11,164,True
2384,Premium,Australia,Smart TV,2022-11,76,True
2385,Basic,Germany,Tablet,2022-11,221,True
2386,Premium,France,Smartphone,2022-11,164,True
2387,Basic,Brazil,Smartphone,2022-11,218,True
2388,Standard,Mexico,Tablet,2022-11,2,False
2389,Standard,Spain,Smart TV,2022-11,78,True
2390,Basic,Italy,Smartphone,2022-11,158,True
2391,Premium,Spain,Tablet,2022-11,30,False
2392,Basic,Spain,Tablet,2022-11,3,False
2393,Standard,United States,Tablet,2022-11,1,False
2394,Premium,Canada,Smartphone,2022-11,6,False
2395,Basic,United States,Smart TV,2022-11,4,False
2396,Basic,United States,Smartphone,2022-10,15,False
2397,Basic,Canada,Smartphone,2022-10,85,True
2398,Standard,United Kingdom,Smart TV,2022-10,5,False
2399,Premium,Australia,Tablet,2022-10,247,True
2400,Basic,Germany,Laptop,2022-10,31,True
2401,Basic,France,Laptop,2022-10,3,False
2402,Premium,Brazil,Smartphone,2022-10,111,True
2403,Standard,Mexico,Laptop,2022-09,124,True
2404,Standard,Spain,Tablet,2022-09,271,True
2405,Basic,Italy,Smart TV,2022-09,138,True
2406,Premium,Spain,Smart TV,2022-08,235,True
2407,Standard,Spain,Smartphone,2022-08,143,True
2408,Basic,United States,Smartphone,2022-08,29,False
2409,Standard,Canada,Laptop,2022-08,54,True
2410,Premium,United States,Smartphone,2022-08,2,False
2411,Basic,United States,Smartphone,2022-08,73,True
2412,Premium,Canada,Smart TV,2022-08,5,False
2413,Standard,United Kingdom,Tablet,2022-07,337,True
2414,Basic,Australia,Smart TV,2022-07,60,True
2415,Standard,Germany,Smart TV,2022-07,1,False
2416,Premium,France,Tablet,2022-07,277,True
2417,Basic,Brazil,Smart TV,2022-07,8,False
2418,Standard,Mexico,Laptop,2022-07,300,True
2419,Premium,Spain,Smart TV,2022-07,8,False
2420,Basic,Italy,Laptop,2022-07,190,True
2421,Premium,Spain,Smart TV,2022-07,66,True
2422,Basic,Spain,Smart TV,2022-07,66,True
2423,Standard,United States,Laptop,2022-07,271,True
2424,Standard,Canada,Laptop,2022-07,181,True
2425,Basic,United States,Tablet,2022-07,60,True
2426,Premium,United States,Smartphone,2022-07,57,True
2427,Basic,Canada,Smartphone,2022-08,16,False
2428,Standard,United Kingdom,Tablet,2022-08,267,True
2429,Premium,Australia,Smartphone,2022-08,160,True
2430,Basic,Germany,Tablet,2022-08,307,True
2431,Premium,France,Smart TV,2022-08,304,True
2432,Basic,Brazil,Tablet,2022-08,5,False
2433,Standard,Mexico,Tablet,2022-08,35,True
2434,Standard,Spain,Smart TV,2022-08,1,False
2435,Basic,Italy,Smartphone,2022-09,285,True
2436,Premium,Spain,Smart TV,2022-09,274,True
2437,Basic,Spain,Smart TV,2022-09,0,False
2438,Standard,United States,Smart TV,2022-09,7,False
2439,Premium,Canada,Laptop,2022-09,266,True
2440,Basic,United States,Laptop,2022-09,114,True
2441,Premium,United States,Smartphone,2022-10,6,False
2442,Basic,Canada,Smartphone,2022-10,17,False
2443,Standard,United Kingdom,Laptop,2022-10,201,True
2444,Standard,Australia,Smartphone,2022-10,96,True
2445,Basic,Germany,Smartphone,2022-10,182,True
2446,Premium,France,Tablet,2022-10,8,False
2447,Basic,Brazil,Tablet,2022-10,178,True
2448,Standard,Mexico,Tablet,2022-10,6,False
2449,Premium,Spain,Smart TV,2022-10,234,True
2450,Basic,Italy,Smartphone,2022-10,230,True
2451,Premium,Spain,Tablet,2022-10,1,False
2452,Basic,Spain,Tablet,2022-11,0,False
2453,Standard,United States,Smartphone,2022-11,3,False
2454,Standard,Canada,Smartphone,2022-11,4,False
2455,Basic,United States,Tablet,2022-11,160,True
2456,Premium,United States,Smartphone,2022-11,73,True
2457,Basic,Canada,Tablet,2022-11,4,False
2458,Standard,United Kingdom,Smart TV,2022-11,180,True
2459,Premium,Australia,Smart TV,2022-11,2,False
2460,Basic,Germany,Smart TV,2022-11,164,True
2461,Premium,France,Laptop,2022-11,221,True
2462,Basic,Brazil,Smart TV,2022-11,66,True
2463,Standard,Mexico,Smart TV,2022-11,17,False
2464,Standard,Spain,Smartphone,2022-11,72,True
2465,Basic,Italy,Tablet,2022-11,9,False
2466,Premium,Spain,Laptop,2022-10,0,False
2467,Basic,Spain,Smartphone,2022-10,4,False
2468,Standard,United States,Smartphone,2022-10,87,True
2469,Premium,Canada,Laptop,2022-10,1,False
2470,Basic,United States,Tablet,2022-10,4,False
2471,Basic,United States,Smartphone,2022-10,15,False
2472,Basic,Canada,Tablet,2022-09,11,False
2473,Standard,United Kingdom,Laptop,2022-09,200,True
2474,Premium,Australia,Smart TV,2022-09,232,True
2475,Basic,Germany,Tablet,2022-09,31,True
2476,Basic,France,Tablet,2022-08,230,True
2477,Premium,Brazil,Laptop,2022-08,1,False
2478,Standard,Mexico,Tablet,2022-08,153,True
2479,Standard,Spain,Laptop,2022-08,159,True
2480,Basic,Italy,Laptop,2022-08,169,True
2481,Premium,Spain,Laptop,2022-08,11,False
2482,Standard,Spain,Laptop,2022-08,65,True
2483,Basic,United States,Laptop,2022-07,262,True
2484,Standard,Canada,Smart TV,2022-07,55,True
2485,Premium,United States,Tablet,2022-07,326,True
2486,Basic,United States,Smartphone,2022-07,334,True
2487,Premium,Canada,Smart TV,2022-07,2,False
2488,Standard,United Kingdom,Smartphone,2022-07,9,False
2489,Basic,Australia,Smartphone,2022-07,5,False
2490,Standard,Germany,Smart TV,2022-07,338,True
2491,Premium,France,Smartphone,2022-07,8,False
2492,Basic,Brazil,Laptop,2022-07,183,True
2493,Standard,Mexico,Smart TV,2022-07,285,True
2494,Premium,Spain,Smart TV,2022-07,3,False
2495,Basic,Italy,Laptop,2022-07,181,True
2496,Premium,Spain,Smart TV,2022-07,60,True
2497,Basic,Spain,Smart TV,2022-08,182,True
2498,Standard,United States,Laptop,2022-08,0,False
2499,Standard,Canada,Tablet,2022-08,175,True
2500,Basic,United States,Smart TV,2022-08,156,True
